date,value,difference
01-01-1994,1050,
01-02-1994,990,-5.71%
01-03-1994,970,-2.02%
01-04-1994,940,-3.09%
01-05-1994,870,-7.45%
01-06-1994,880,1.15%
01-07-1994,950,7.95%
01-08-1994,1040,9.47%
01-09-1994,1080,3.85%
01-10-1994,1070,-0.93%
01-11-1994,1000,-6.54%
01-12-1994,850,-15.00%
01-01-1995,820,-3.53%
01-02-1995,780,-4.88%
01-03-1995,700,-10.26%
01-04-1995,650,-7.14%
01-05-1995,680,4.62%
01-06-1995,780,14.71%
01-07-1995,950,21.79%
01-08-1995,1100,15.79%
01-09-1995,1020,-7.27%
01-10-1995,1020,0.00%
01-11-1995,880,-13.73%
01-12-1995,850,-3.41%
01-01-1996,930,9.41%
01-02-1996,880,-5.38%
01-03-1996,780,-11.36%
01-04-1996,700,-10.26%
01-05-1996,760,8.57%
01-06-1996,850,11.84%
01-07-1996,1000,17.65%
01-08-1996,1080,8.00%
01-09-1996,1200,11.11%
01-10-1996,1050,-12.50%
01-11-1996,950,-9.52%
01-12-1996,870,-8.42%
01-01-1997,800,-8.05%
01-02-1997,920,15.00%
01-03-1997,850,-7.61%
01-04-1997,980,15.29%
01-05-1997,1100,12.24%
01-06-1997,1140,3.64%
01-07-1997,1180,3.51%
01-08-1997,1220,3.39%
01-09-1997,1180,-3.28%
01-10-1997,1130,-4.24%
01-11-1997,1050,-7.08%
01-12-1997,1150,9.52%
01-01-1998,1130,-1.74%
01-02-1998,1180,4.42%
01-03-1998,1200,1.69%
01-04-1998,1120,-6.67%
01-05-1998,1020,-8.93%
01-06-1998,1050,2.94%
01-07-1998,1100,4.76%
01-08-1998,1025,-6.82%
01-09-1998,800,-21.95%
01-10-1998,680,-15.00%
01-11-1998,640,-5.88%
01-12-1998,660,3.13%
01-01-1999,800,21.21%
01-02-1999,850,6.25%
01-03-1999,900,5.88%
01-04-1999,800,-11.11%
01-05-1999,700,-12.50%
01-06-1999,650,-7.14%
01-07-1999,570,-12.31%
01-08-1999,600,5.26%
01-09-1999,500,-16.67%
01-10-1999,450,-10.00%
01-11-1999,380,-15.56%
01-12-1999,500,31.58%
01-01-2000,625,25.00%
01-02-2000,675,8.00%
01-03-2000,680,0.74%
01-04-2000,615,-9.56%
01-05-2000,425,-30.89%
01-06-2000,425,0.00%
01-07-2000,415,-2.35%
01-08-2000,400,-3.61%
01-09-2000,400,0.00%
01-10-2000,435,8.75%
01-11-2000,380,-12.64%
01-12-2000,390,2.63%
01-01-2001,550,41.03%
01-02-2001,725,31.82%
01-03-2001,900,24.14%
01-04-2001,940,4.44%
01-05-2001,890,-5.32%
01-06-2001,750,-15.73%
01-07-2001,725,-3.33%
01-08-2001,750,3.45%
01-09-2001,790,5.33%
01-10-2001,760,-3.80%
01-11-2001,760,0.00%
01-12-2001,720,-5.26%
01-01-2002,740,2.78%
01-02-2002,730,-1.35%
01-03-2002,700,-4.11%
01-04-2002,730,4.29%
01-05-2002,670,-8.22%
01-06-2002,700,4.48%
01-07-2002,750,7.14%
01-08-2002,790,5.33%
01-09-2002,770,-2.53%
01-10-2002,730,-5.19%
01-11-2002,700,-4.11%
01-12-2002,700,0.00%
01-01-2003,625,-10.71%
01-02-2003,600,-4.00%
01-03-2003,540,-10.00%
01-04-2003,490,-9.26%
01-05-2003,520,6.12%
01-06-2003,680,30.77%
01-07-2003,740,8.82%
01-08-2003,810,9.46%
01-09-2003,880,8.64%
01-10-2003,800,-9.09%
01-11-2003,730,-8.75%
01-12-2003,790,8.22%
01-01-2004,850,7.59%
01-02-2004,780,-8.24%
01-03-2004,680,-12.82%
01-04-2004,760,11.76%
01-05-2004,870,14.47%
01-06-2004,950,9.20%
01-07-2004,1030,8.42%
01-08-2004,1130,9.71%
01-09-2004,1125,-0.44%
01-10-2004,900,-20.00%
01-11-2004,790,-12.22%
01-12-2004,730,-7.59%
01-01-2005,690,-5.48%
01-02-2005,820,18.84%
01-03-2005,920,12.20%
01-04-2005,950,3.26%
01-05-2005,930,-2.11%
01-06-2005,880,-5.38%
01-07-2005,850,-3.41%
01-08-2005,1020,20.00%
01-09-2005,930,-8.82%
01-10-2005,830,-10.75%
01-11-2005,720,-13.25%
01-12-2005,730,1.39%
01-01-2006,820,12.33%
01-02-2006,1050,28.05%
01-03-2006,1000,-4.76%
01-04-2006,850,-15.00%
01-05-2006,930,9.41%
01-06-2006,970,4.30%
01-07-2006,885,-8.76%
01-08-2006,950,7.34%
01-09-2006,985,3.68%
01-10-2006,890,-9.64%
01-11-2006,920,3.37%
01-12-2006,920,0.00%
01-01-2007,900,-2.17%
01-02-2007,1000,11.11%
01-03-2007,1050,5.00%
01-04-2007,1100,4.76%
01-05-2007,1100,0.00%
01-06-2007,1200,9.09%
01-07-2007,1400,16.67%
01-08-2007,1400,0.00%
01-09-2007,1325,-5.36%
01-10-2007,1575,18.87%
01-11-2007,1420,-9.84%
01-12-2007,1450,2.11%
01-01-2008,1600,10.34%
01-02-2008,1450,-9.38%
01-03-2008,1480,2.07%
01-04-2008,1700,14.86%
01-05-2008,1800,5.88%
01-06-2008,2000,11.11%
01-07-2008,2000,0.00%
01-08-2008,1850,-7.50%
01-09-2008,1775,-4.05%
01-10-2008,1500,-15.49%
01-11-2008,1350,-10.00%
01-12-2008,800,-40.74%
01-01-2009,1050,31.25%
01-02-2009,1200,14.29%
01-03-2009,1100,-8.33%
01-04-2009,1050,-4.55%
01-05-2009,1200,14.29%
01-06-2009,1450,20.83%
01-07-2009,1425,-1.72%
01-08-2009,1420,-0.35%
01-09-2009,1300,-8.45%
01-10-2009,1150,-11.54%
01-11-2009,850,-26.09%
01-12-2009,975,14.71%
01-01-2010,1150,17.95%
01-02-2010,900,-21.74%
01-03-2010,1090,21.11%
01-04-2010,1100,0.92%
01-05-2010,1300,18.18%
01-06-2010,1700,30.77%
01-07-2010,1700,0.00%
01-08-2010,1550,-8.82%
01-09-2010,1075,-30.65%
01-10-2010,1000,-6.98%
01-11-2010,1100,10.00%
01-12-2010,1250,13.64%
01-01-2011,1500,20.00%
01-02-2011,1570,4.67%
01-03-2011,1600,1.91%
01-04-2011,1675,4.69%
01-05-2011,1850,10.45%
01-06-2011,1950,5.41%
01-07-2011,1750,-10.26%
01-08-2011,1900,8.57%
01-09-2011,2050,7.89%
01-10-2011,1850,-9.76%
01-11-2011,1950,5.41%
01-12-2011,1950,0.00%
01-01-2012,2050,5.13%
01-02-2012,2000,-2.44%
01-03-2012,1950,-2.50%
01-04-2012,2200,12.82%
01-05-2012,2150,-2.27%
01-06-2012,2200,2.33%
01-07-2012,2250,2.27%
01-08-2012,2250,0.00%
01-09-2012,2050,-8.89%
01-10-2012,1850,-9.76%
01-11-2012,1850,0.00%
01-12-2012,1950,5.41%
01-01-2013,1950,0.00%
01-02-2013,2175,11.54%
01-03-2013,2250,3.45%
01-04-2013,2350,4.44%
01-05-2013,2300,-2.13%
01-06-2013,2150,-6.52%
01-07-2013,1900,-11.63%
01-08-2013,1900,0.00%
01-09-2013,1900,0.00%
01-10-2013,1820,-4.21%
01-11-2013,1700,-6.59%
01-12-2013,1600,-5.88%
01-01-2014,1400,-12.50%
01-02-2014,1280,-8.57%
01-03-2014,1200,-6.25%
01-04-2014,1150,-4.17%
01-05-2014,1300,13.04%
01-06-2014,1550,19.23%
01-07-2014,1780,14.84%
01-08-2014,1850,3.93%
01-09-2014,1550,-16.22%
01-10-2014,1170,-24.52%
01-11-2014,1170,0.00%
01-12-2014,1150,-1.71%
01-01-2015,1180,2.61%
01-02-2015,1130,-4.24%
01-03-2015,1000,-11.50%
01-04-2015,990,-1.00%
01-05-2015,1010,2.02%
01-06-2015,1150,13.86%
01-07-2015,1300,13.04%
04-08-2015,1450,11.54%
28-09-2015,1400,-3.45%
07-10-2015,1300,-7.14%
20-10-2015,1150,-11.54%
06-11-2015,1100,-4.35%
26-11-2015,1000,-9.09%
14-12-2015,950,-5.00%
07-01-2016,1000,5.26%
12-02-2016,1150,15.00%
19-02-2016,1200,4.35%
29-02-2016,1275,6.25%
02-03-2016,1350,5.88%
08-03-2016,1450,7.41%
17-03-2016,1500,3.45%
24-03-2016,1600,6.67%
01-04-2016,1600,0.00%
22-04-2016,1650,3.13%
10-05-2016,1650,0.00%
31-05-2016,1500,-9.09%
20-06-2016,1500,0.00%
05-07-2016,1400,-6.67%
22-07-2016,1400,0.00%
02-08-2016,1400,0.00%
16-08-2016,1450,3.57%
01-09-2016,1450,0.00%
21-09-2016,1450,0.00%
11-10-2016,1400,-3.45%
28-10-2016,1400,0.00%
22-11-2016,1500,7.14%
06-12-2016,1500,0.00%
21-12-2016,1600,6.67%
06-01-2017,1650,3.13%
23-01-2017,1700,3.03%
02-02-2017,1730,1.76%
10-02-2017,1750,1.16%
22-02-2017,1700,-2.86%
09-03-2017,1600,-5.88%
15-03-2017,1550,-3.13%
29-03-2017,1550,0.00%
12-04-2017,1500,-3.23%
03-05-2017,1650,10.00%
23-05-2017,1750,6.06%
10-06-2017,1850,5.71%
14-06-2017,1870,1.08%
27-06-2017,1950,4.28%
13-07-2017,1950,0.00%
27-07-2017,1950,0.00%
09-08-2017,1950,0.00%
22-08-2017,1950,0.00%
28-08-2017,2100,7.69%
08-09-2017,2150,2.38%
11-10-2017,2350,9.30%
26-10-2017,2275,-3.19%
09-11-2017,2100,-7.69%
22-11-2017,1850,-11.90%
05-12-2017,1800,-2.70%
04-01-2018,1575,-12.50%
17-01-2018,1550,-1.59%
10-02-2018,1500,-3.23%
15-02-2018,1500,0.00%
10-03-2018,1550,3.33%
16-03-2018,1550,0.00%
28-03-2018,1650,6.45%
11-04-2018,1700,3.03%
02-05-2018,1800,5.88%
17-05-2018,1800,0.00%
05-06-2018,1650,-8.33%
13-06-2018,1550,-6.06%
26-06-2018,1500,-3.23%
04-07-2018,1400,-6.67%
20-07-2018,1400,0.00%
08-08-2018,1300,-7.14%
03-09-2018,1450,11.54%
20-09-2018,1640,13.10%
19-10-2018,1625,-0.91%
12-11-2018,1500,-7.69%
23-11-2018,1425,-5.00%
18-12-2018,1300,-8.77%
11-01-2019,1300,0.00%
30-01-2019,1250,-3.85%
25-02-2019,1475,18.00%
26-03-2019,1550,5.08%
08-04-2019,1575,1.61%
29-04-2019,1500,-4.76%
13-05-2019,1400,-6.67%
27-05-2019,1300,-7.14%
06-06-2019,1200,-7.69%
19-06-2019,1050,-12.50%
01-07-2019,1000,-4.76%
17-07-2019,1000,0.00%
30-07-2019,1000,0.00%
08-08-2019,1150,15.00%
13-08-2019,1250,8.70%
30-08-2019,1300,4.00%
23-09-2019,1200,-7.69%
10-10-2019,1000,-16.67%
29-10-2019,950,-5.00%
06-11-2019,850,-10.53%
22-11-2019,900,5.88%
05-12-2019,900,0.00%
19-12-2019,900,0.00%
15-01-2020,1000,11.11%
31-01-2020,1000,0.00%
20-02-2020,1400,40.00%
04-03-2020,1550,10.71%
20-03-2020,1550,0.00%
01-04-2020,1550,0.00%
20-04-2020,1500,-3.23%
29-04-2020,1400,-6.67%
11-05-2020,1400,0.00%
28-05-2020,1300,-7.14%
12-06-2020,1200,-7.69%
17-06-2020,1200,0.00%
09-07-2020,1250,4.17%
29-07-2020,1450,16.00%
14-08-2020,1575,8.62%
25-08-2020,1600,1.59%
14-09-2020,1500,-6.25%
30-09-2020,1300,-13.33%
21-10-2020,1300,0.00%
12-11-2020,1300,0.00%
03-12-2020,1350,3.85%
24-12-2020,1300,-3.70%
08-01-2021,1230,-5.38%
29-01-2021,1225,-0.41%
26-02-2021,1250,2.04%
02-03-2021,1400,12.00%
24-03-2021,1400,0.00%
19-04-2021,1350,-3.57%
12-05-2021,1325,-1.85%
11-06-2021,1300,-1.89%
07-07-2021,1450,11.54%
11-08-2021,1500,3.45%
06-09-2021,1375,-8.33%
30-09-2021,1300,-5.45%
29-10-2021,1325,1.92%
19-11-2021,1600,20.75%
21-12-2021,1650,3.13%
11-01-2022,1750,6.06%
02-02-2022,1600,-8.57%
01-03-2022,1600,0.00%
23-03-2022,1750,9.38%
07-04-2022,1900,8.57%
11-05-2022,1900,0.00%
09-06-2022,1600,-15.79%
24-06-2022,1450,-9.38%
12-07-2022,1450,0.00%
28-07-2022,1525,5.17%
02-08-2022,1625,6.56%
16-08-2022,1700,4.62%
29-08-2022,1700,0.00%
06-09-2022,1700,0.00%
08-09-2022,1800,5.88%
07-10-2022,1700,-5.56%
14-10-2022,1600,-5.88%
01-11-2022,1600,0.00%
21-11-2022,1600,0.00%
07-12-2022,1700,6.25%
23-12-2022,1750,2.94%
13-01-2023,1700,-2.86%
03-02-2023,1700,0.00%
20-02-2023,1700,0.00%
07-03-2023,1800,5.88%
14-03-2023,1950,8.33%
30-03-2023,2000,2.56%
19-04-2023,2050,2.50%
10-05-2023,2050,0.00%
31-05-2023,2000,-2.44%
09-06-2023,2050,2.50%
03-07-2023,2000,-2.44%
20-07-2023,2000,0.00%
10-08-2023,2020,1.00%
30-08-2023,1980,-1.98%
19-09-2023,1875,-5.30%
05-10-2023,1770,-5.60%
26-10-2023,1675,-5.37%
14-11-2023,1600,-4.48%
30-11-2023,1550,-3.13%
20-12-2023,1480,-4.52%
10-01-2024,1480,0.00%
25-01-2024,1450,-2.03%
16-02-2024,1400,-3.45%
06-03-2024,1340,-4.29%
26-03-2024,1325,-1.12%
22-04-2024,1315,-0.75%
22-05-2024,1350,2.66%
14-06-2024,1475,9.26%
28-06-2024,1600,8.47%
15-07-2024,1600,0.00%
02-08-2024,1550,-3.13%
20-08-2024,1380,-10.97%
06-09-2024,1280,-7.25%
13-09-2024,1300,1.56%
30-09-2024,1450,11.54%
22-10-2024,1500,3.45%
11-11-2024,1480,-1.33%
03-12-2024,1500,1.35%
18-12-2024,1500,0.00%
20-01-2025,1550,3.33%
18-02-2025,1575,1.61%
13-03-2025,1700,7.94%
08-04-2025,1700,0.00%
01-05-2025,1625,-4.41%
23-05-2025,1580,-2.77%
16-06-2025,1500,-5.06%
02-07-2025,1500,0.00%
17-07-2025,1550,3.33%
06-08-2025,1550,0.00%
26-08-2025,1600,3.23%
16-09-2025,1625,1.56%
01-10-2025,1700,4.62%
17-10-2025,1700,0.00%
05-11-2025,1650,-2.94%
25-11-2025,1575,-4.55%
04-12-2025,1530,-2.86%
22-12-2025,1500,-1.96%
09-01-2026,1500,0.00%
29-01-2026,1550,3.33%
17-02-2026,1580,1.94%
06-03-2026,1665,5.38%
19-03-2026,1800,8.11%
20-03-2026,1875,4.17%
02-04-2026,1950,4.00%
22-04-2026,2100,7.69%
06-05-2026,1975,-5.95%
22-05-2026,1850,-6.33%