year,country,flow,intra_extra_EU,value_eur,volume_kg
2019,Austria,Export,Extra EU,365847.0,69170.0
2019,Austria,Export,Intra EU,4554599.0,942431.0
2019,Austria,Import,Extra EU,3902195.0,1041383.0
2019,Austria,Import,Intra EU,51479491.0,8768639.0
2019,Belgium,Export,Extra EU,441306.0,79711.0
2019,Belgium,Export,Intra EU,13850840.0,3080200.0
2019,Belgium,Import,Extra EU,23994249.0,5965639.0
2019,Belgium,Import,Intra EU,56825854.0,11359179.0
2019,Bulgaria,Export,Extra EU,495984.0,141209.0
2019,Bulgaria,Export,Intra EU,1401369.0,276491.0
2019,Bulgaria,Import,Extra EU,1124784.0,374548.0
2019,Bulgaria,Import,Intra EU,2709254.0,585504.0
2019,Croatia,Export,Extra EU,2073364.0,234404.0
2019,Croatia,Export,Intra EU,880090.0,129039.0
2019,Croatia,Import,Extra EU,2569245.0,684479.0
2019,Croatia,Import,Intra EU,17240751.0,3163732.0
2019,Cyprus,Import,Extra EU,5250389.0,1202471.0
2019,Cyprus,Import,Intra EU,2859087.0,545939.0
2019,Czechia,Export,Extra EU,10171.0,1744.0
2019,Czechia,Export,Intra EU,8334296.0,1435714.0
2019,Czechia,Import,Extra EU,11503827.0,2769333.0
2019,Czechia,Import,Intra EU,28638195.0,5298442.0
2019,Denmark,Export,Extra EU,391098.0,76945.0
2019,Denmark,Export,Intra EU,995697.0,210529.0
2019,Denmark,Import,Extra EU,19837890.0,4702734.0
2019,Denmark,Import,Intra EU,10433286.0,2345626.0
2019,Estonia,Export,Extra EU,654.0,83.0
2019,Estonia,Export,Intra EU,20137.0,3692.0
2019,Estonia,Import,Extra EU,528830.0,138332.0
2019,Estonia,Import,Intra EU,1085469.0,243804.0
2019,Finland,Export,Intra EU,156173.0,26267.0
2019,Finland,Import,Extra EU,25146179.0,6072447.0
2019,Finland,Import,Intra EU,13612396.0,2538762.0
2019,France,Export,Extra EU,2362057.0,526959.0
2019,France,Export,Intra EU,13362696.0,2480396.0
2019,France,Import,Extra EU,271510116.0,59359169.0
2019,France,Import,Intra EU,191330299.0,36568295.0
2019,Germany,Export,Extra EU,1107447.0,127552.0
2019,Germany,Export,Intra EU,58415835.0,14236797.0
2019,Germany,Import,Extra EU,203382495.0,55356104.0
2019,Germany,Import,Intra EU,117835914.0,24221978.0
2019,Greece,Export,Extra EU,554765.0,89561.0
2019,Greece,Export,Intra EU,1704437.0,292682.0
2019,Greece,Import,Extra EU,14929303.0,3202639.0
2019,Greece,Import,Intra EU,24270535.0,3992487.0
2019,Hungary,Export,Extra EU,3369.0,446.0
2019,Hungary,Export,Intra EU,107209.0,16953.0
2019,Hungary,Import,Extra EU,429462.0,118874.0
2019,Hungary,Import,Intra EU,15442115.0,2753227.0
2019,Ireland,Export,Extra EU,126.0,23.0
2019,Ireland,Export,Intra EU,1227748.0,204352.0
2019,Ireland,Import,Extra EU,3897740.0,1055293.0
2019,Ireland,Import,Intra EU,17987796.0,3063492.0
2019,Italy,Export,Extra EU,50558289.0,7124242.0
2019,Italy,Export,Intra EU,127754586.0,18899789.0
2019,Italy,Import,Extra EU,411711102.0,74876954.0
2019,Italy,Import,Intra EU,247664274.0,43237699.0
2019,Latvia,Export,Extra EU,355194.0,58538.0
2019,Latvia,Export,Intra EU,3015068.0,471872.0
2019,Latvia,Import,Extra EU,1132860.0,211222.0
2019,Latvia,Import,Intra EU,1459602.0,246688.0
2019,Lithuania,Export,Extra EU,9367.0,2524.0
2019,Lithuania,Export,Intra EU,381492.0,107455.0
2019,Lithuania,Import,Extra EU,884499.0,236688.0
2019,Lithuania,Import,Intra EU,3705227.0,742107.0
2019,Luxembourg,Export,Extra EU,131.0,13.0
2019,Luxembourg,Export,Intra EU,90267.0,25463.0
2019,Luxembourg,Import,Intra EU,5855445.0,733496.0
2019,Malta,Export,Extra EU,12764.0,3325.0
2019,Malta,Import,Extra EU,6991521.0,1750196.0
2019,Malta,Import,Intra EU,5012121.0,693016.0
2019,Netherlands,Export,Extra EU,3590881.0,772665.0
2019,Netherlands,Export,Intra EU,265812625.0,55776706.0
2019,Netherlands,Import,Extra EU,254865521.0,62955438.0
2019,Netherlands,Import,Intra EU,50328537.0,9856189.0
2019,Poland,Export,Extra EU,107510.0,20895.0
2019,Poland,Export,Intra EU,2872462.0,531963.0
2019,Poland,Import,Extra EU,22228426.0,5895222.0
2019,Poland,Import,Intra EU,21206202.0,4287933.0
2019,Portugal,Export,Extra EU,10329708.0,1971957.0
2019,Portugal,Export,Intra EU,68027607.0,11156422.0
2019,Portugal,Import,Extra EU,35591805.0,8616062.0
2019,Portugal,Import,Intra EU,64024086.0,12140153.0
2019,Romania,Export,Extra EU,89919.0,14366.0
2019,Romania,Export,Intra EU,95548.0,17807.0
2019,Romania,Import,Extra EU,5532029.0,1447829.0
2019,Romania,Import,Intra EU,21654474.0,3955199.0
2019,Slovakia,Export,Intra EU,1338000.0,210210.0
2019,Slovakia,Import,Extra EU,1752487.0,438524.0
2019,Slovakia,Import,Intra EU,13325794.0,2606287.0
2019,Slovenia,Export,Extra EU,237400.0,39267.0
2019,Slovenia,Export,Intra EU,823162.0,104595.0
2019,Slovenia,Import,Extra EU,388852.0,107985.0
2019,Slovenia,Import,Intra EU,17762499.0,2905811.0
2019,Spain,Export,Extra EU,57652105.0,11218744.0
2019,Spain,Export,Intra EU,482718317.0,89247342.0
2019,Spain,Import,Extra EU,618448510.0,149499451.0
2019,Spain,Import,Intra EU,17845297.0,5117604.0
2019,Sweden,Export,Extra EU,1397.0,172.0
2019,Sweden,Export,Intra EU,448491.0,69651.0
2019,Sweden,Import,Extra EU,21487783.0,5059005.0
2019,Sweden,Import,Intra EU,9383256.0,1890839.0
2019,United Kingdom,Export,Extra EU,365407.0,71032.0
2019,United Kingdom,Export,Intra EU,18206244.0,3000369.0
2019,United Kingdom,Import,Extra EU,341598904.0,79406964.0
2019,United Kingdom,Import,Intra EU,110727214.0,23349038.0
2020,Austria,Export,Extra EU,864143.0,134041.0
2020,Austria,Export,Intra EU,4287689.0,926713.0
2020,Austria,Import,Extra EU,2336079.0,696731.0
2020,Austria,Import,Intra EU,49381125.0,8651292.0
2020,Belgium,Export,Extra EU,1479354.0,298801.0
2020,Belgium,Export,Intra EU,14278439.0,2913581.0
2020,Belgium,Import,Extra EU,25151441.0,6530893.0
2020,Belgium,Import,Intra EU,61126297.0,11995991.0
2020,Bulgaria,Export,Extra EU,241153.0,67941.0
2020,Bulgaria,Export,Intra EU,1102820.0,225188.0
2020,Bulgaria,Import,Extra EU,2255306.0,760823.0
2020,Bulgaria,Import,Intra EU,3512582.0,923650.0
2020,Croatia,Export,Extra EU,1573582.0,212033.0
2020,Croatia,Export,Intra EU,691559.0,83684.0
2020,Croatia,Import,Extra EU,1810870.0,555734.0
2020,Croatia,Import,Intra EU,17303731.0,3133738.0
2020,Cyprus,Export,Intra EU,7200.0,768.0
2020,Cyprus,Import,Extra EU,5389118.0,1255758.0
2020,Cyprus,Import,Intra EU,2096301.0,474929.0
2020,Czechia,Export,Extra EU,25104.0,5513.0
2020,Czechia,Export,Intra EU,9056944.0,1472904.0
2020,Czechia,Import,Extra EU,7269924.0,2108092.0
2020,Czechia,Import,Intra EU,31808194.0,6104839.0
2020,Denmark,Export,Extra EU,452665.0,95009.0
2020,Denmark,Export,Intra EU,890811.0,180519.0
2020,Denmark,Import,Extra EU,21215902.0,5177428.0
2020,Denmark,Import,Intra EU,7883674.0,1813578.0
2020,Estonia,Export,Extra EU,658.0,106.0
2020,Estonia,Export,Intra EU,30605.0,8943.0
2020,Estonia,Import,Extra EU,867978.0,240839.0
2020,Estonia,Import,Intra EU,1112702.0,251165.0
2020,Finland,Export,Extra EU,250.0,43.0
2020,Finland,Export,Intra EU,83585.0,17713.0
2020,Finland,Import,Extra EU,22276645.0,5769924.0
2020,Finland,Import,Intra EU,11572974.0,2302008.0
2020,France,Export,Extra EU,2925831.0,513649.0
2020,France,Export,Intra EU,13658552.0,2581020.0
2020,France,Import,Extra EU,251547675.0,56227883.0
2020,France,Import,Intra EU,233203148.0,43869995.0
2020,Germany,Export,Extra EU,1627208.0,345057.0
2020,Germany,Export,Intra EU,54395053.0,13705248.0
2020,Germany,Import,Extra EU,239401633.0,68048501.0
2020,Germany,Import,Intra EU,176909264.0,37394873.0
2020,Greece,Export,Extra EU,543706.0,92612.0
2020,Greece,Export,Intra EU,1574508.0,252200.0
2020,Greece,Import,Extra EU,14044158.0,3150007.0
2020,Greece,Import,Intra EU,24215235.0,3911288.0
2020,Hungary,Export,Extra EU,217311.0,22012.0
2020,Hungary,Export,Intra EU,101339.0,14729.0
2020,Hungary,Import,Extra EU,559870.0,180052.0
2020,Hungary,Import,Intra EU,17232970.0,3109894.0
2020,Ireland,Export,Extra EU,1572383.0,222512.0
2020,Ireland,Export,Intra EU,135422.0,22697.0
2020,Ireland,Import,Extra EU,18495449.0,4133127.0
2020,Ireland,Import,Intra EU,7628638.0,1507381.0
2020,Italy,Export,Extra EU,61086048.0,9023666.0
2020,Italy,Export,Intra EU,152888150.0,23582928.0
2020,Italy,Import,Extra EU,431859360.0,78601322.0
2020,Italy,Import,Intra EU,264716789.0,46611769.0
2020,Latvia,Export,Extra EU,354527.0,56358.0
2020,Latvia,Export,Intra EU,2885704.0,454646.0
2020,Latvia,Import,Extra EU,799600.0,139933.0
2020,Latvia,Import,Intra EU,1576738.0,283953.0
2020,Lithuania,Export,Extra EU,72417.0,16355.0
2020,Lithuania,Export,Intra EU,594922.0,137920.0
2020,Lithuania,Import,Extra EU,940118.0,244955.0
2020,Lithuania,Import,Intra EU,3705586.0,703801.0
2020,Luxembourg,Export,Extra EU,514.0,10.0
2020,Luxembourg,Export,Intra EU,77933.0,9932.0
2020,Luxembourg,Import,Extra EU,44516.0,16320.0
2020,Luxembourg,Import,Intra EU,6148627.0,760819.0
2020,Malta,Export,Extra EU,13743.0,2469.0
2020,Malta,Import,Extra EU,5449640.0,1366780.0
2020,Malta,Import,Intra EU,5421647.0,732950.0
2020,Netherlands,Export,Extra EU,30294493.0,5228361.0
2020,Netherlands,Export,Intra EU,304678869.0,59993367.0
2020,Netherlands,Import,Extra EU,295231102.0,80350180.0
2020,Netherlands,Import,Intra EU,111313506.0,20118524.0
2020,Poland,Export,Extra EU,668629.0,112229.0
2020,Poland,Export,Intra EU,3122616.0,527108.0
2020,Poland,Import,Extra EU,15142451.0,4447222.0
2020,Poland,Import,Intra EU,25831011.0,7661131.0
2020,Portugal,Export,Extra EU,22329216.0,4118131.0
2020,Portugal,Export,Intra EU,67361067.0,13108665.0
2020,Portugal,Import,Extra EU,41819996.0,12357152.0
2020,Portugal,Import,Intra EU,74875454.0,14670951.0
2020,Romania,Export,Extra EU,190902.0,30386.0
2020,Romania,Export,Intra EU,157854.0,42805.0
2020,Romania,Import,Extra EU,5180289.0,1429583.0
2020,Romania,Import,Intra EU,25973680.0,5026870.0
2020,Slovakia,Export,Intra EU,1849760.0,277898.0
2020,Slovakia,Import,Extra EU,2077419.0,588829.0
2020,Slovakia,Import,Intra EU,13710612.0,2724264.0
2020,Slovenia,Export,Extra EU,540300.0,72748.0
2020,Slovenia,Export,Intra EU,2013010.0,349186.0
2020,Slovenia,Import,Extra EU,585666.0,199347.0
2020,Slovenia,Import,Intra EU,19911408.0,3305948.0
2020,Spain,Export,Extra EU,60536053.0,11212385.0
2020,Spain,Export,Intra EU,522486786.0,94827514.0
2020,Spain,Import,Extra EU,508732313.0,130644274.0
2020,Spain,Import,Intra EU,32192722.0,8036826.0
2020,Sweden,Export,Extra EU,660.0,106.0
2020,Sweden,Export,Intra EU,417562.0,50863.0
2020,Sweden,Import,Extra EU,18595550.0,4843436.0
2020,Sweden,Import,Intra EU,12042896.0,2452471.0
2020,United Kingdom,Export,Extra EU,190445.0,27375.0
2020,United Kingdom,Export,Intra EU,877601.0,166460.0
2020,United Kingdom,Import,Extra EU,25622105.0,6227077.0
2020,United Kingdom,Import,Intra EU,8056643.0,1936680.0
2021,Austria,Export,Extra EU,1509796.0,259471.0
2021,Austria,Export,Intra EU,5047566.0,1096610.0
2021,Austria,Import,Extra EU,1564085.0,487380.0
2021,Austria,Import,Intra EU,69344019.0,14254352.0
2021,Belgium,Export,Extra EU,764874.0,118658.0
2021,Belgium,Export,Intra EU,15067238.0,3618933.0
2021,Belgium,Import,Extra EU,28342685.0,7100878.0
2021,Belgium,Import,Intra EU,56869468.0,11528641.0
2021,Bulgaria,Export,Extra EU,303766.0,76838.0
2021,Bulgaria,Export,Intra EU,727364.0,129646.0
2021,Bulgaria,Import,Extra EU,2367124.0,802002.0
2021,Bulgaria,Import,Intra EU,3300774.0,689883.0
2021,Croatia,Export,Extra EU,2228596.0,297143.0
2021,Croatia,Export,Intra EU,908116.0,115893.0
2021,Croatia,Import,Extra EU,707540.0,198367.0
2021,Croatia,Import,Intra EU,18920179.0,3577965.0
2021,Cyprus,Import,Extra EU,3223331.0,754681.0
2021,Cyprus,Import,Intra EU,2141735.0,404906.0
2021,Czechia,Export,Extra EU,68076.0,11330.0
2021,Czechia,Export,Intra EU,9872050.0,1615252.0
2021,Czechia,Import,Extra EU,7101559.0,1962118.0
2021,Czechia,Import,Intra EU,32080248.0,5899182.0
2021,Denmark,Export,Extra EU,521351.0,98727.0
2021,Denmark,Export,Intra EU,1241865.0,238936.0
2021,Denmark,Import,Extra EU,15820936.0,3903172.0
2021,Denmark,Import,Intra EU,11394647.0,2544309.0
2021,Estonia,Export,Extra EU,664.0,98.0
2021,Estonia,Export,Intra EU,19868.0,3122.0
2021,Estonia,Import,Extra EU,349380.0,96668.0
2021,Estonia,Import,Intra EU,1072312.0,233580.0
2021,Finland,Export,Extra EU,3141.0,456.0
2021,Finland,Export,Intra EU,77866.0,15729.0
2021,Finland,Import,Extra EU,18986611.0,4988036.0
2021,Finland,Import,Intra EU,10347082.0,2085621.0
2021,France,Export,Extra EU,4231120.0,913333.0
2021,France,Export,Intra EU,15007548.0,2908950.0
2021,France,Import,Extra EU,247096045.0,54507551.0
2021,France,Import,Intra EU,205758332.0,40426848.0
2021,Germany,Export,Extra EU,991752.0,165947.0
2021,Germany,Export,Intra EU,51148536.0,13593583.0
2021,Germany,Import,Extra EU,160643853.0,46637147.0
2021,Germany,Import,Intra EU,148936755.0,31565112.0
2021,Greece,Export,Extra EU,353751.0,53182.0
2021,Greece,Export,Intra EU,2523718.0,371727.0
2021,Greece,Import,Extra EU,12414053.0,2719358.0
2021,Greece,Import,Intra EU,25454483.0,4119897.0
2021,Hungary,Export,Extra EU,354103.0,40589.0
2021,Hungary,Export,Intra EU,336377.0,54692.0
2021,Hungary,Import,Extra EU,159786.0,48799.0
2021,Hungary,Import,Intra EU,17392246.0,3311872.0
2021,Ireland,Export,Extra EU,348421.0,83182.0
2021,Ireland,Export,Intra EU,22474.0,3627.0
2021,Ireland,Import,Extra EU,13762474.0,3373009.0
2021,Ireland,Import,Intra EU,5100562.0,867402.0
2021,Italy,Export,Extra EU,67077769.0,10353731.0
2021,Italy,Export,Intra EU,144122874.0,22830076.0
2021,Italy,Import,Extra EU,405139656.0,75755400.0
2021,Italy,Import,Intra EU,256704635.0,45225833.0
2021,Latvia,Export,Extra EU,611511.0,102396.0
2021,Latvia,Export,Intra EU,2647982.0,413185.0
2021,Latvia,Import,Extra EU,960105.0,193574.0
2021,Latvia,Import,Intra EU,1979081.0,329189.0
2021,Lithuania,Export,Extra EU,11774.0,1518.0
2021,Lithuania,Export,Intra EU,682132.0,155195.0
2021,Lithuania,Import,Extra EU,591431.0,129743.0
2021,Lithuania,Import,Intra EU,3710785.0,680901.0
2021,Luxembourg,Export,Intra EU,96310.0,11806.0
2021,Luxembourg,Import,Intra EU,5899544.0,742306.0
2021,Malta,Export,Extra EU,950.0,258.0
2021,Malta,Import,Extra EU,4550068.0,1165388.0
2021,Malta,Import,Intra EU,4548581.0,572544.0
2021,Netherlands,Export,Extra EU,33079052.0,7757710.0
2021,Netherlands,Export,Intra EU,333722206.0,67455648.0
2021,Netherlands,Import,Extra EU,260725233.0,71353969.0
2021,Netherlands,Import,Intra EU,102258214.0,17341728.0
2021,Poland,Export,Extra EU,243862.0,40623.0
2021,Poland,Export,Intra EU,4900249.0,803506.0
2021,Poland,Import,Extra EU,15791232.0,4759556.0
2021,Poland,Import,Intra EU,30646483.0,6537958.0
2021,Portugal,Export,Extra EU,20433858.0,3889703.0
2021,Portugal,Export,Intra EU,66298437.0,14773198.0
2021,Portugal,Import,Extra EU,39666846.0,12883847.0
2021,Portugal,Import,Intra EU,62240754.0,12427694.0
2021,Romania,Export,Extra EU,279163.0,44497.0
2021,Romania,Export,Intra EU,204194.0,52150.0
2021,Romania,Import,Extra EU,4444682.0,1213292.0
2021,Romania,Import,Intra EU,28562437.0,5515422.0
2021,Slovakia,Export,Extra EU,229.0,24.0
2021,Slovakia,Export,Intra EU,2062526.0,378021.0
2021,Slovakia,Import,Extra EU,1597865.0,432700.0
2021,Slovakia,Import,Intra EU,13117890.0,2421647.0
2021,Slovenia,Export,Extra EU,498412.0,81938.0
2021,Slovenia,Export,Intra EU,1145323.0,258767.0
2021,Slovenia,Import,Extra EU,538561.0,159773.0
2021,Slovenia,Import,Intra EU,19714402.0,3360952.0
2021,Spain,Export,Extra EU,66115232.0,12163726.0
2021,Spain,Export,Intra EU,476531998.0,85960653.0
2021,Spain,Import,Extra EU,513308520.0,128276567.0
2021,Spain,Import,Intra EU,36896670.0,10188351.0
2021,Sweden,Export,Extra EU,21315.0,4887.0
2021,Sweden,Export,Intra EU,264752.0,50010.0
2021,Sweden,Import,Extra EU,14265882.0,3777236.0
2021,Sweden,Import,Intra EU,7564028.0,1528821.0
2022,Austria,Export,Extra EU,1314227.0,184231.0
2022,Austria,Export,Intra EU,42083042.0,8518626.0
2022,Austria,Import,Extra EU,2933996.0,669435.0
2022,Austria,Import,Intra EU,59775055.0,9760630.0
2022,Belgium,Export,Extra EU,510970.0,80165.0
2022,Belgium,Export,Intra EU,20119208.0,3852316.0
2022,Belgium,Import,Extra EU,37506095.0,8021729.0
2022,Belgium,Import,Intra EU,58711025.0,11159894.0
2022,Bulgaria,Export,Extra EU,569615.0,124793.0
2022,Bulgaria,Export,Intra EU,1108878.0,195601.0
2022,Bulgaria,Import,Extra EU,1608362.0,425432.0
2022,Bulgaria,Import,Intra EU,5545334.0,1268090.0
2022,Croatia,Export,Extra EU,2133009.0,301131.0
2022,Croatia,Export,Intra EU,1119443.0,156495.0
2022,Croatia,Import,Extra EU,1750100.0,402097.0
2022,Croatia,Import,Intra EU,18613780.0,3245698.0
2022,Cyprus,Import,Extra EU,5760289.0,1134066.0
2022,Cyprus,Import,Intra EU,3334400.0,760675.0
2022,Czechia,Export,Extra EU,228099.0,32447.0
2022,Czechia,Export,Intra EU,10961215.0,1805065.0
2022,Czechia,Import,Extra EU,7649548.0,1677017.0
2022,Czechia,Import,Intra EU,36969267.0,6349329.0
2022,Denmark,Export,Extra EU,880134.0,118865.0
2022,Denmark,Export,Intra EU,1725513.0,306059.0
2022,Denmark,Import,Extra EU,15849660.0,3411669.0
2022,Denmark,Import,Intra EU,14693104.0,3196653.0
2022,Estonia,Export,Extra EU,1067.0,131.0
2022,Estonia,Export,Intra EU,11810.0,1871.0
2022,Estonia,Import,Extra EU,363863.0,75431.0
2022,Estonia,Import,Intra EU,1398453.0,263834.0
2022,Finland,Export,Extra EU,742.0,60.0
2022,Finland,Export,Intra EU,96638.0,16024.0
2022,Finland,Import,Extra EU,27845614.0,5937114.0
2022,Finland,Import,Intra EU,12479099.0,2086375.0
2022,France,Export,Extra EU,3280148.0,674254.0
2022,France,Export,Intra EU,19628665.0,3672849.0
2022,France,Import,Extra EU,316712200.0,60377651.0
2022,France,Import,Intra EU,208193794.0,37955708.0
2022,Germany,Export,Extra EU,1416890.0,236131.0
2022,Germany,Export,Intra EU,61803778.0,14584339.0
2022,Germany,Import,Extra EU,241358498.0,55236476.0
2022,Germany,Import,Intra EU,201851934.0,39642310.0
2022,Greece,Export,Extra EU,1039114.0,139592.0
2022,Greece,Export,Intra EU,4023548.0,589761.0
2022,Greece,Import,Extra EU,16805778.0,3254499.0
2022,Greece,Import,Intra EU,29023452.0,4177104.0
2022,Hungary,Export,Extra EU,657436.0,65591.0
2022,Hungary,Export,Intra EU,357443.0,60873.0
2022,Hungary,Import,Extra EU,634460.0,164358.0
2022,Hungary,Import,Intra EU,20022859.0,3689022.0
2022,Ireland,Export,Extra EU,347871.0,55900.0
2022,Ireland,Export,Intra EU,172223.0,32810.0
2022,Ireland,Import,Extra EU,14037476.0,2840275.0
2022,Ireland,Import,Intra EU,6061985.0,1062812.0
2022,Italy,Export,Extra EU,74999167.0,10062321.0
2022,Italy,Export,Intra EU,172249301.0,23952209.0
2022,Italy,Import,Extra EU,511692915.0,81098030.0
2022,Italy,Import,Intra EU,317842011.0,49050726.0
2022,Latvia,Export,Extra EU,666818.0,123890.0
2022,Latvia,Export,Intra EU,3084055.0,441991.0
2022,Latvia,Import,Extra EU,1377069.0,252845.0
2022,Latvia,Import,Intra EU,2070342.0,351174.0
2022,Lithuania,Export,Extra EU,23480.0,2771.0
2022,Lithuania,Export,Intra EU,752856.0,185615.0
2022,Lithuania,Import,Extra EU,1549257.0,331380.0
2022,Lithuania,Import,Intra EU,4372490.0,747077.0
2022,Luxembourg,Export,Extra EU,60.0,2.0
2022,Luxembourg,Export,Intra EU,119437.0,13803.0
2022,Luxembourg,Import,Intra EU,6781728.0,839285.0
2022,Malta,Export,Extra EU,3513.0,496.0
2022,Malta,Export,Intra EU,35579.0,2543.0
2022,Malta,Import,Extra EU,5943213.0,1207157.0
2022,Malta,Import,Intra EU,5345968.0,644173.0
2022,Netherlands,Export,Extra EU,29858814.0,6841134.0
2022,Netherlands,Export,Intra EU,350408554.0,67626972.0
2022,Netherlands,Import,Extra EU,180771182.0,40223579.0
2022,Netherlands,Import,Intra EU,92949596.0,15149134.0
2022,Poland,Export,Extra EU,396891.0,84177.0
2022,Poland,Export,Intra EU,3169743.0,507926.0
2022,Poland,Import,Extra EU,22499707.0,5194821.0
2022,Poland,Import,Intra EU,33075847.0,6545231.0
2022,Portugal,Export,Extra EU,19174601.0,3432534.0
2022,Portugal,Export,Intra EU,92813865.0,17612962.0
2022,Portugal,Import,Extra EU,44773409.0,12002012.0
2022,Portugal,Import,Intra EU,87347877.0,15345560.0
2022,Romania,Export,Extra EU,361869.0,62494.0
2022,Romania,Export,Intra EU,320845.0,93922.0
2022,Romania,Import,Extra EU,4950898.0,1130491.0
2022,Romania,Import,Intra EU,29527548.0,5627660.0
2022,Slovakia,Export,Extra EU,200274.0,35654.0
2022,Slovakia,Export,Intra EU,1413237.0,187472.0
2022,Slovakia,Import,Extra EU,1724327.0,341674.0
2022,Slovakia,Import,Intra EU,17328544.0,2954696.0
2022,Slovenia,Export,Extra EU,1167380.0,144404.0
2022,Slovenia,Export,Intra EU,1486183.0,351244.0
2022,Slovenia,Import,Extra EU,776632.0,203936.0
2022,Slovenia,Import,Intra EU,22337661.0,3335735.0
2022,Spain,Export,Extra EU,67693925.0,10091951.0
2022,Spain,Export,Intra EU,544173411.0,85962404.0
2022,Spain,Import,Extra EU,760367282.0,150269924.0
2022,Spain,Import,Intra EU,82123916.0,15601394.0
2022,Sweden,Export,Extra EU,25454.0,9022.0
2022,Sweden,Export,Intra EU,234805.0,45032.0
2022,Sweden,Import,Extra EU,18496499.0,3958660.0
2022,Sweden,Import,Intra EU,10679239.0,2094780.0
2023,Austria,Export,Extra EU,1468575.0,203825.0
2023,Austria,Export,Intra EU,26535245.0,5539094.0
2023,Austria,Import,Extra EU,3310808.0,785296.0
2023,Austria,Import,Intra EU,59471487.0,8870102.0
2023,Belgium,Export,Extra EU,4946988.0,878107.0
2023,Belgium,Export,Intra EU,29733377.0,5101845.0
2023,Belgium,Import,Extra EU,39267450.0,7747564.0
2023,Belgium,Import,Intra EU,71154221.0,12296301.0
2023,Bulgaria,Export,Extra EU,1703213.0,387609.0
2023,Bulgaria,Export,Intra EU,732983.0,127649.0
2023,Bulgaria,Import,Extra EU,1204922.0,302920.0
2023,Bulgaria,Import,Intra EU,6712721.0,1466358.0
2023,Croatia,Export,Extra EU,2817636.0,332019.0
2023,Croatia,Export,Intra EU,1026161.0,116876.0
2023,Croatia,Import,Extra EU,1886107.0,424637.0
2023,Croatia,Import,Intra EU,22191229.0,3289939.0
2023,Cyprus,Import,Extra EU,5551967.0,1090130.0
2023,Cyprus,Import,Intra EU,4058420.0,610477.0
2023,Czechia,Export,Extra EU,45111.0,9363.0
2023,Czechia,Export,Intra EU,13380530.0,2265143.0
2023,Czechia,Import,Extra EU,12196081.0,2582724.0
2023,Czechia,Import,Intra EU,37772583.0,5708071.0
2023,Denmark,Export,Extra EU,851711.0,129560.0
2023,Denmark,Export,Intra EU,1362392.0,186377.0
2023,Denmark,Import,Extra EU,17012514.0,3599732.0
2023,Denmark,Import,Intra EU,17201514.0,3159894.0
2023,Estonia,Export,Extra EU,2961.0,2158.0
2023,Estonia,Export,Intra EU,58905.0,10278.0
2023,Estonia,Import,Extra EU,411665.0,86164.0
2023,Estonia,Import,Intra EU,1594445.0,285692.0
2023,Finland,Export,Extra EU,12.0,1.0
2023,Finland,Export,Intra EU,116496.0,17101.0
2023,Finland,Import,Extra EU,20840247.0,4261970.0
2023,Finland,Import,Intra EU,12870317.0,1819921.0
2023,France,Export,Extra EU,2763914.0,550371.0
2023,France,Export,Intra EU,18972666.0,3502002.0
2023,France,Import,Extra EU,339507491.0,61270518.0
2023,France,Import,Intra EU,209426798.0,32811553.0
2023,Germany,Export,Extra EU,927419.0,121767.0
2023,Germany,Export,Intra EU,70173170.0,15010174.0
2023,Germany,Import,Extra EU,227307605.0,49829539.0
2023,Germany,Import,Intra EU,178749978.0,30476541.0
2023,Greece,Export,Extra EU,548802.0,67322.0
2023,Greece,Export,Intra EU,4626648.0,663369.0
2023,Greece,Import,Extra EU,11503608.0,2288226.0
2023,Greece,Import,Intra EU,29856987.0,3949246.0
2023,Hungary,Export,Extra EU,1486251.0,131549.0
2023,Hungary,Export,Intra EU,621813.0,86109.0
2023,Hungary,Import,Extra EU,1028167.0,226820.0
2023,Hungary,Import,Intra EU,19863895.0,2986800.0
2023,Ireland,Export,Extra EU,589829.0,128712.0
2023,Ireland,Export,Intra EU,12594.0,2155.0
2023,Ireland,Import,Extra EU,14827473.0,2900585.0
2023,Ireland,Import,Intra EU,6575307.0,860566.0
2023,Italy,Export,Extra EU,89055076.0,10381587.0
2023,Italy,Export,Intra EU,159825152.0,20433091.0
2023,Italy,Import,Extra EU,506584330.0,77600119.0
2023,Italy,Import,Intra EU,379691434.0,53950808.0
2023,Latvia,Export,Extra EU,632095.0,104973.0
2023,Latvia,Export,Intra EU,2344305.0,343140.0
2023,Latvia,Import,Extra EU,823695.0,157409.0
2023,Latvia,Import,Intra EU,2592341.0,423641.0
2023,Lithuania,Export,Extra EU,91715.0,13644.0
2023,Lithuania,Export,Intra EU,1122279.0,213615.0
2023,Lithuania,Import,Extra EU,1477016.0,296796.0
2023,Lithuania,Import,Intra EU,4527162.0,665586.0
2023,Luxembourg,Export,Extra EU,413.0,21.0
2023,Luxembourg,Export,Intra EU,126344.0,12572.0
2023,Luxembourg,Import,Intra EU,6643481.0,801415.0
2023,Malta,Export,Extra EU,32.0,1.0
2023,Malta,Import,Extra EU,5425384.0,1103872.0
2023,Malta,Import,Intra EU,5335101.0,649410.0
2023,Netherlands,Export,Extra EU,19948433.0,4558249.0
2023,Netherlands,Export,Intra EU,270991046.0,49971387.0
2023,Netherlands,Import,Extra EU,225068700.0,47333484.0
2023,Netherlands,Import,Intra EU,82659621.0,14351444.0
2023,Poland,Export,Extra EU,193380.0,21721.0
2023,Poland,Export,Intra EU,4536032.0,678159.0
2023,Poland,Import,Extra EU,22062370.0,4946835.0
2023,Poland,Import,Intra EU,36250430.0,6477315.0
2023,Portugal,Export,Extra EU,17920717.0,2772696.0
2023,Portugal,Export,Intra EU,116337407.0,21298784.0
2023,Portugal,Import,Extra EU,47418168.0,12429944.0
2023,Portugal,Import,Intra EU,111256206.0,18338913.0
2023,Romania,Export,Extra EU,384078.0,60250.0
2023,Romania,Export,Intra EU,306306.0,55877.0
2023,Romania,Import,Extra EU,3921754.0,943701.0
2023,Romania,Import,Intra EU,34414113.0,5524636.0
2023,Slovakia,Export,Extra EU,87.0,13.0
2023,Slovakia,Export,Intra EU,1777244.0,170834.0
2023,Slovakia,Import,Extra EU,1647100.0,336337.0
2023,Slovakia,Import,Intra EU,17885845.0,3260868.0
2023,Slovenia,Export,Extra EU,1110002.0,150211.0
2023,Slovenia,Export,Intra EU,846968.0,131209.0
2023,Slovenia,Import,Extra EU,983250.0,194934.0
2023,Slovenia,Import,Intra EU,22154765.0,2959935.0
2023,Spain,Export,Extra EU,65933889.0,8344089.0
2023,Spain,Export,Intra EU,664038952.0,95712000.0
2023,Spain,Import,Extra EU,682139104.0,127489254.0
2023,Spain,Import,Intra EU,73551596.0,13861758.0
2023,Sweden,Export,Extra EU,73319.0,13579.0
2023,Sweden,Export,Intra EU,268443.0,44244.0
2023,Sweden,Import,Extra EU,16282565.0,3243338.0
2023,Sweden,Import,Intra EU,13613426.0,2387090.0
2024,Austria,Export,Extra EU,2082527.0,316293.0
2024,Austria,Export,Intra EU,9971975.0,1588017.0
2024,Austria,Import,Extra EU,7897609.0,1799270.0
2024,Austria,Import,Intra EU,69670612.0,10415106.0
2024,Belgium,Export,Extra EU,3634231.0,637709.0
2024,Belgium,Export,Intra EU,25129839.0,4481362.0
2024,Belgium,Import,Extra EU,42631068.0,9195047.0
2024,Belgium,Import,Intra EU,61459247.0,10325619.0
2024,Bulgaria,Export,Extra EU,1686120.0,387369.0
2024,Bulgaria,Export,Intra EU,1086318.0,182999.0
2024,Bulgaria,Import,Extra EU,2541007.0,677409.0
2024,Bulgaria,Import,Intra EU,6362701.0,1099551.0
2024,Croatia,Export,Extra EU,3117300.0,396194.0
2024,Croatia,Export,Intra EU,987408.0,115696.0
2024,Croatia,Import,Extra EU,2670389.0,628216.0
2024,Croatia,Import,Intra EU,28604662.0,4227712.0
2024,Cyprus,Import,Extra EU,6039308.0,1230034.0
2024,Cyprus,Import,Intra EU,4908575.0,630470.0
2024,Czechia,Export,Extra EU,119360.0,27257.0
2024,Czechia,Export,Intra EU,16351739.0,2530709.0
2024,Czechia,Import,Extra EU,13139211.0,2924594.0
2024,Czechia,Import,Intra EU,41790424.0,6451790.0
2024,Denmark,Export,Extra EU,1225706.0,140599.0
2024,Denmark,Export,Intra EU,1485703.0,227192.0
2024,Denmark,Import,Extra EU,25136450.0,5263344.0
2024,Denmark,Import,Intra EU,16616146.0,2951772.0
2024,Estonia,Export,Extra EU,288.0,33.0
2024,Estonia,Export,Intra EU,29117.0,4610.0
2024,Estonia,Import,Extra EU,653291.0,160752.0
2024,Estonia,Import,Intra EU,1534251.0,271771.0
2024,Finland,Export,Intra EU,103234.0,14409.0
2024,Finland,Import,Extra EU,21229546.0,4481760.0
2024,Finland,Import,Intra EU,18684756.0,2938779.0
2024,France,Export,Extra EU,4885388.0,892178.0
2024,France,Export,Intra EU,16012917.0,2768709.0
2024,France,Import,Extra EU,285714928.0,54985733.0
2024,France,Import,Intra EU,238098030.0,37049246.0
2024,Germany,Export,Extra EU,1016578.0,144028.0
2024,Germany,Export,Intra EU,71422151.0,15052465.0
2024,Germany,Import,Extra EU,265349510.0,58007365.0
2024,Germany,Import,Intra EU,150572199.0,27335017.0
2024,Greece,Export,Extra EU,803004.0,97002.0
2024,Greece,Export,Intra EU,5145448.0,721365.0
2024,Greece,Import,Extra EU,12560993.0,2496912.0
2024,Greece,Import,Intra EU,31180039.0,3838121.0
2024,Hungary,Export,Extra EU,1980949.0,175222.0
2024,Hungary,Export,Intra EU,778763.0,89664.0
2024,Hungary,Import,Extra EU,695057.0,158113.0
2024,Hungary,Import,Intra EU,18561314.0,2871046.0
2024,Ireland,Export,Extra EU,677707.0,170722.0
2024,Ireland,Export,Intra EU,14675.0,3088.0
2024,Ireland,Import,Extra EU,19719428.0,3949697.0
2024,Ireland,Import,Intra EU,6980036.0,1120292.0
2024,Italy,Export,Extra EU,104533505.0,11471089.0
2024,Italy,Export,Intra EU,177381952.0,21051643.0
2024,Italy,Import,Extra EU,479992137.0,75611371.0
2024,Italy,Import,Intra EU,398535533.0,51639949.0
2024,Latvia,Export,Extra EU,830609.0,117572.0
2024,Latvia,Export,Intra EU,4026313.0,637811.0
2024,Latvia,Import,Extra EU,1710114.0,334058.0
2024,Latvia,Import,Intra EU,2933095.0,452774.0
2024,Lithuania,Export,Extra EU,46713.0,4884.0
2024,Lithuania,Export,Intra EU,865880.0,164723.0
2024,Lithuania,Import,Extra EU,1572948.0,314545.0
2024,Lithuania,Import,Intra EU,5633211.0,862246.0
2024,Luxembourg,Export,Extra EU,12.0,2.0
2024,Luxembourg,Export,Intra EU,135716.0,13006.0
2024,Luxembourg,Import,Intra EU,7385335.0,916002.0
2024,Malta,Export,Extra EU,91290.0,23054.0
2024,Malta,Import,Extra EU,7653330.0,1591135.0
2024,Malta,Import,Intra EU,6217227.0,700480.0
2024,Netherlands,Export,Extra EU,6770908.0,1235669.0
2024,Netherlands,Export,Intra EU,270290853.0,49660215.0
2024,Netherlands,Import,Extra EU,285694890.0,60951840.0
2024,Netherlands,Import,Intra EU,55517991.0,9821911.0
2024,Poland,Export,Extra EU,606310.0,117770.0
2024,Poland,Export,Intra EU,5973853.0,841321.0
2024,Poland,Import,Extra EU,30224852.0,6658139.0
2024,Poland,Import,Intra EU,45861428.0,7592935.0
2024,Portugal,Export,Extra EU,21886899.0,3431219.0
2024,Portugal,Export,Intra EU,132258232.0,26206233.0
2024,Portugal,Import,Extra EU,57027525.0,18123195.0
2024,Portugal,Import,Intra EU,103332024.0,17080180.0
2024,Romania,Export,Extra EU,315546.0,53573.0
2024,Romania,Export,Intra EU,374874.0,95449.0
2024,Romania,Import,Extra EU,5213337.0,1215220.0
2024,Romania,Import,Intra EU,37627688.0,6294993.0
2024,Slovakia,Export,Extra EU,407.0,63.0
2024,Slovakia,Export,Intra EU,2125447.0,198489.0
2024,Slovakia,Import,Extra EU,2785631.0,561959.0
2024,Slovakia,Import,Intra EU,19702759.0,2904935.0
2024,Slovenia,Export,Extra EU,1080488.0,129366.0
2024,Slovenia,Export,Intra EU,1737325.0,237394.0
2024,Slovenia,Import,Extra EU,1106352.0,260623.0
2024,Slovenia,Import,Intra EU,25291473.0,3140985.0
2024,Spain,Export,Extra EU,66223646.0,8025580.0
2024,Spain,Export,Intra EU,711455177.0,102483850.0
2024,Spain,Import,Extra EU,767756409.0,153323472.0
2024,Spain,Import,Intra EU,90593021.0,20207522.0
2024,Sweden,Export,Extra EU,57090.0,9679.0
2024,Sweden,Export,Intra EU,2426614.0,327840.0
2024,Sweden,Import,Extra EU,19577326.0,4008035.0
2024,Sweden,Import,Intra EU,14332611.0,2617511.0
2025,Austria,Export,Extra EU,1476026.0,228331.0
2025,Austria,Export,Intra EU,10550394.0,1608791.0
2025,Austria,Import,Extra EU,9076062.0,2238886.0
2025,Austria,Import,Intra EU,74070977.0,11557103.0
2025,Belgium,Export,Extra EU,735937.0,92747.0
2025,Belgium,Export,Intra EU,31069163.0,6168773.0
2025,Belgium,Import,Extra EU,40535026.0,9461136.0
2025,Belgium,Import,Intra EU,62392847.0,10398289.0
2025,Bulgaria,Export,Extra EU,2207205.0,552170.0
2025,Bulgaria,Export,Intra EU,939546.0,136586.0
2025,Bulgaria,Import,Extra EU,2379262.0,661152.0
2025,Bulgaria,Import,Intra EU,8049885.0,1362831.0
2025,Croatia,Export,Extra EU,3381437.0,427382.0
2025,Croatia,Export,Intra EU,1446822.0,188404.0
2025,Croatia,Import,Extra EU,3361594.0,769579.0
2025,Croatia,Import,Intra EU,29274927.0,4557967.0
2025,Cyprus,Export,Intra EU,7788.0,1584.0
2025,Cyprus,Import,Extra EU,6373928.0,1302901.0
2025,Cyprus,Import,Intra EU,5561057.0,719997.0
2025,Czechia,Export,Extra EU,57311.0,7588.0
2025,Czechia,Export,Intra EU,16796305.0,2585095.0
2025,Czechia,Import,Extra EU,17035392.0,3976348.0
2025,Czechia,Import,Intra EU,45168548.0,7141230.0
2025,Denmark,Export,Extra EU,767253.0,125064.0
2025,Denmark,Export,Intra EU,1609356.0,261576.0
2025,Denmark,Import,Extra EU,26467648.0,5855950.0
2025,Denmark,Import,Intra EU,20214546.0,3646548.0
2025,Estonia,Export,Extra EU,2465.0,239.0
2025,Estonia,Export,Intra EU,13615.0,1964.0
2025,Estonia,Import,Extra EU,809453.0,199426.0
2025,Estonia,Import,Intra EU,2108959.0,400865.0
2025,Finland,Export,Extra EU,237.0,20.0
2025,Finland,Export,Intra EU,94973.0,14014.0
2025,Finland,Import,Extra EU,21805633.0,4884256.0
2025,Finland,Import,Intra EU,22914971.0,3782880.0
2025,France,Export,Extra EU,3286578.0,600847.0
2025,France,Export,Intra EU,17447121.0,3131812.0
2025,France,Import,Extra EU,311303587.0,61628405.0
2025,France,Import,Intra EU,247274931.0,39378073.0
2025,Germany,Export,Extra EU,1568588.0,236259.0
2025,Germany,Export,Intra EU,58535603.0,12935303.0
2025,Germany,Import,Extra EU,270573241.0,63212129.0
2025,Germany,Import,Intra EU,193907925.0,36040946.0
2025,Greece,Export,Extra EU,584600.0,62892.0
2025,Greece,Export,Intra EU,7379777.0,889082.0
2025,Greece,Import,Extra EU,14228675.0,3189419.0
2025,Greece,Import,Intra EU,32392441.0,4241558.0
2025,Hungary,Export,Extra EU,2521598.0,218092.0
2025,Hungary,Export,Intra EU,449218.0,62557.0
2025,Hungary,Import,Extra EU,948093.0,201845.0
2025,Hungary,Import,Intra EU,20073588.0,3020608.0
2025,Ireland,Export,Extra EU,388243.0,105335.0
2025,Ireland,Export,Intra EU,35050.0,8429.0
2025,Ireland,Import,Extra EU,21130513.0,4353032.0
2025,Ireland,Import,Intra EU,7479894.0,3526516.0
2025,Italy,Export,Extra EU,107192828.0,13464557.0
2025,Italy,Export,Intra EU,181667977.0,24792907.0
2025,Italy,Import,Extra EU,482267671.0,79994563.0
2025,Italy,Import,Intra EU,420889981.0,60753584.0
2025,Latvia,Export,Extra EU,1074184.0,158449.0
2025,Latvia,Export,Intra EU,5298988.0,871879.0
2025,Latvia,Import,Extra EU,1999016.0,408968.0
2025,Latvia,Import,Intra EU,3371860.0,516025.0
2025,Lithuania,Export,Extra EU,53218.0,7657.0
2025,Lithuania,Export,Intra EU,952824.0,178321.0
2025,Lithuania,Import,Extra EU,218743.0,63851.0
2025,Lithuania,Import,Intra EU,6616221.0,1207916.0
2025,Luxembourg,Export,Extra EU,247.0,14.0
2025,Luxembourg,Export,Intra EU,171785.0,19052.0
2025,Luxembourg,Import,Intra EU,6903386.0,856110.0
2025,Malta,Import,Extra EU,6170777.0,1372960.0
2025,Malta,Import,Intra EU,5982330.0,697065.0
2025,Netherlands,Export,Extra EU,6503901.0,1190809.0
2025,Netherlands,Export,Intra EU,289298475.0,55662690.0
2025,Netherlands,Import,Extra EU,354693449.0,78984100.0
2025,Netherlands,Import,Intra EU,64508559.0,10144131.0
2025,Poland,Export,Extra EU,183908.0,24821.0
2025,Poland,Export,Intra EU,3636582.0,474355.0
2025,Poland,Import,Extra EU,27594423.0,6457894.0
2025,Poland,Import,Intra EU,52119443.0,9148662.0
2025,Portugal,Export,Extra EU,18064708.0,2599291.0
2025,Portugal,Export,Intra EU,153644582.0,27988659.0
2025,Portugal,Import,Extra EU,66953823.0,18509963.0
2025,Portugal,Import,Intra EU,126845857.0,20980182.0
2025,Romania,Export,Extra EU,296968.0,40560.0
2025,Romania,Export,Intra EU,313893.0,75315.0
2025,Romania,Import,Extra EU,7409249.0,1724033.0
2025,Romania,Import,Intra EU,32526854.0,4916345.0
2025,Slovakia,Export,Extra EU,258.0,37.0
2025,Slovakia,Export,Intra EU,4272853.0,590156.0
2025,Slovakia,Import,Extra EU,2384160.0,536314.0
2025,Slovakia,Import,Intra EU,20179752.0,3107253.0
2025,Slovenia,Export,Extra EU,1048742.0,131400.0
2025,Slovenia,Export,Intra EU,1817926.0,286765.0
2025,Slovenia,Import,Extra EU,826625.0,188123.0
2025,Slovenia,Import,Intra EU,26715579.0,3479544.0
2025,Spain,Export,Extra EU,72963646.0,9227754.0
2025,Spain,Export,Intra EU,739747412.0,108597689.0
2025,Spain,Import,Extra EU,824800826.0,170213610.0
2025,Spain,Import,Intra EU,105024382.0,20153886.0
2025,Sweden,Export,Extra EU,75251.0,14072.0
2025,Sweden,Export,Intra EU,1351668.0,206064.0
2025,Sweden,Import,Extra EU,19226232.0,4188269.0
2025,Sweden,Import,Intra EU,13682927.0,2500876.0
