commodity,widget_id,title,pillar,telemetry,a1,a2,a3,a4,avg,grade,source_csv,score_method,notes
galchi,w01,전국 갈치 위판 시계열 — 10년 가격·물량 동시 추적,,,90.0,70.0,60.0,100.0,80.0,B,galchi_4axis_scores.csv,forensic_4axis_audit,
galchi,w02,유통 마진 폭포 — 산지→소비자 단계별 원가 해부,,,90.0,75.0,60.0,100.0,81.2,B,galchi_4axis_scores.csv,forensic_4axis_audit,
galchi,w03,조업 효율(CPUE) — 1마력당 어획량 한계 분석,,,60.0,60.0,60.0,100.0,70.0,C,galchi_4axis_scores.csv,forensic_4axis_audit,
galchi,w04,해수면 온도(SST) 상승 — 어획량 감소 시나리오,,,90.0,75.0,60.0,100.0,81.2,B,galchi_4axis_scores.csv,forensic_4axis_audit,
galchi,w05,중국 수입 의존도 95% — 구조적 취약점 분석,,,90.0,70.0,60.0,100.0,80.0,B,galchi_4axis_scores.csv,forensic_4axis_audit,
galchi,w06,학교급식 B2B 시장 전환 전략,,,60.0,60.0,60.0,100.0,70.0,C,galchi_4axis_scores.csv,forensic_4axis_audit,
galchi,w07,월별 매입 최적 타이밍 — 시즌별 가격 캘린더,,,90.0,75.0,60.0,100.0,81.2,B,galchi_4axis_scores.csv,forensic_4axis_audit,
galchi,w08,한중 수산물 지정학 — 정치 리스크의 가격 전이,,,60.0,70.0,60.0,100.0,72.5,C,galchi_4axis_scores.csv,forensic_4axis_audit,
galchi,w09,세네갈·대만 대체 공급선 검증 분석,,,90.0,95.0,60.0,100.0,86.2,A,galchi_4axis_scores.csv,forensic_4axis_audit,
galchi,w10,해양수산부 정책 모니터링 — 규제·보조금 추적,,,90.0,70.0,60.0,100.0,80.0,B,galchi_4axis_scores.csv,forensic_4axis_audit,
galchi,w11,KFAS 계군(Stock) 분석 — 해역별 자원량 추정,,,90.0,75.0,60.0,100.0,81.2,B,galchi_4axis_scores.csv,forensic_4axis_audit,
galchi,w12,KFAS 생식생물학 — 성숙도 및 GSI 분석,,,60.0,75.0,60.0,100.0,73.8,C,galchi_4axis_scores.csv,forensic_4axis_audit,
galchi,w13,KFAS 해역별 산란 시차 — 릴레이 매입 전략,,,90.0,75.0,60.0,100.0,81.2,B,galchi_4axis_scores.csv,forensic_4axis_audit,
galchi,w14,글로벌 갈치 어획 50년 추이 — 중국 독점 형성 과정,,,90.0,40.0,60.0,100.0,72.5,C,galchi_4axis_scores.csv,forensic_4axis_audit,
galchi,w15,국내 산지별 위판 구조 — 제주 57% 편중 리스크,,,90.0,75.0,60.0,100.0,81.2,B,galchi_4axis_scores.csv,forensic_4axis_audit,
galchi,w16,어업 방식별 단가 프리미엄 분석,,,90.0,70.0,60.0,100.0,80.0,B,galchi_4axis_scores.csv,forensic_4axis_audit,
galchi,w17,관세청 7년 수입 추이 — 중국 의존도 고착 분석,,,90.0,70.0,60.0,100.0,80.0,B,galchi_4axis_scores.csv,forensic_4axis_audit,
galchi,w18,KAMIS 도매가격 — 산지-소비지 스프레드 추적,,,90.0,60.0,60.0,100.0,77.5,B,galchi_4axis_scores.csv,forensic_4axis_audit,
galchi,w19,TAC 소진율 — 할당량 대비 실제 어획 괴리 분석,,,90.0,70.0,60.0,100.0,80.0,B,galchi_4axis_scores.csv,forensic_4axis_audit,
galchi,w20,일본 수출 프리미엄 — $11.15/kg 고부가 기회,,,90.0,40.0,60.0,100.0,72.5,C,galchi_4axis_scores.csv,forensic_4axis_audit,
galchi,w22,한국인 수산물 소비 — 세계 최상위권 내수 기반,,,90.0,70.0,60.0,100.0,80.0,B,galchi_4axis_scores.csv,forensic_4axis_audit,
galchi,w23,수산물 관세 구조 — 갈치 MFN 10% 무방비 분석,,,90.0,70.0,60.0,100.0,80.0,B,galchi_4axis_scores.csv,forensic_4axis_audit,
galchi,w24,WITS 기반 착지원가(Landed Cost) 시뮬레이션,,,90.0,60.0,60.0,100.0,77.5,B,galchi_4axis_scores.csv,forensic_4axis_audit,
galchi,w25,UN Comtrade 글로벌 갈치 교역 흐름 분석,,,90.0,60.0,60.0,100.0,77.5,B,galchi_4axis_scores.csv,forensic_4axis_audit,
galchi,w26,OSH 주요 소싱국 팩토리 매핑 · 노동 리스크 분석,,,60.0,60.0,60.0,100.0,70.0,C,galchi_4axis_scores.csv,forensic_4axis_audit,
galchi,w27,OFAC·EU Sanctions 컴플라이언스 경보,,,90.0,60.0,60.0,100.0,77.5,B,galchi_4axis_scores.csv,forensic_4axis_audit,
galchi,w28,ImportYeti B2B 벤더 발굴 — 직접 소싱 전략,,,60.0,60.0,60.0,100.0,70.0,C,galchi_4axis_scores.csv,forensic_4axis_audit,
galchi,w29,NOAA·KFAS 기후-가격 융합 예측 매트릭스,,,90.0,60.0,60.0,100.0,77.5,B,galchi_4axis_scores.csv,forensic_4axis_audit,
jukkumi,w1_global_catch,글로벌 주꾸미 원물 소싱 현황 및 연안 자원량 지수,,,90.0,60.0,75.0,90.0,78.8,B,jukkumi_4axis_scores.csv,forensic_4axis_audit,
jukkumi,w2_korea_imports,HMR(가정간편식) 가공 수율 및 제조 원가율 추이,,,90.0,95.0,75.0,90.0,87.5,A,jukkumi_4axis_scores.csv,forensic_4axis_audit,
jukkumi,w3_supply_demand,FTA 체결국발 물류 원가 및 통관 리스크 지수,,,90.0,60.0,75.0,90.0,78.8,B,jukkumi_4axis_scores.csv,forensic_4axis_audit,
jukkumi,w4_fbs_seafood,유통 채널별 주꾸미 판매 단가 및 탄력성 지수,,,90.0,60.0,65.0,90.0,76.2,B,jukkumi_4axis_scores.csv,forensic_4axis_audit,
jukkumi,w5_mauritania_risk,콜드체인 병원성 리스크 및 보건 안전 지수 (Vibrio),,,90.0,95.0,75.0,90.0,87.5,A,jukkumi_4axis_scores.csv,forensic_4axis_audit,
jukkumi,w6_bio_processing,생물학적 가공 수율 최적화 지수 (월별 알/내장 비율),,,90.0,95.0,75.0,90.0,87.5,A,jukkumi_4axis_scores.csv,forensic_4axis_audit,
jukkumi,w7_cannibalism_risk,주꾸미 양식 공식(Cannibalism) 리스크 및 생존율,,,90.0,95.0,75.0,90.0,87.5,A,jukkumi_4axis_scores.csv,forensic_4axis_audit,
jukkumi,w8_recreational_tac,로컬 유어낚시 어획량 및 TAC 규제 리스크 전망,,,90.0,95.0,75.0,90.0,87.5,A,jukkumi_4axis_scores.csv,forensic_4axis_audit,
jukkumi,w9_korea_fta_imports,한국 수입 주꾸미 국가별 점유율 및 가공 원가 지수,,,90.0,95.0,75.0,90.0,87.5,A,jukkumi_4axis_scores.csv,forensic_4axis_audit,
jukkumi,w10_species_map,글로벌 두족류 종 분포 및 대체종 소싱 지도,,,90.0,60.0,75.0,90.0,78.8,B,jukkumi_4axis_scores.csv,forensic_4axis_audit,
jukkumi,w11_spawn_cycle,주꾸미 산란 주기 및 자원량 계절 변동 모델,,,90.0,95.0,75.0,90.0,87.5,A,jukkumi_4axis_scores.csv,forensic_4axis_audit,
jukkumi,w12_generation_risk,단년생 세대 회전율 및 기후 연동 리스크 지표,,,90.0,95.0,75.0,90.0,87.5,A,jukkumi_4axis_scores.csv,forensic_4axis_audit,
jukkumi,w13_processing_auto,산지별 원료 수율 및 1차 가공 단가 구조,,,90.0,95.0,65.0,90.0,85.0,A,jukkumi_4axis_scores.csv,forensic_4axis_audit,
jukkumi,w14_nutrition,두족류 영양성분 프로파일 및 프리미엄 마케팅 지표,,,90.0,95.0,75.0,90.0,87.5,A,jukkumi_4axis_scores.csv,forensic_4axis_audit,
jukkumi,w15_hsk_tariff,HSK 세번별 주꾸미 수입 관세율 및 FTA 절감 매트릭스,,,90.0,95.0,75.0,90.0,87.5,A,jukkumi_4axis_scores.csv,forensic_4axis_audit,
jukkumi,w16_korus_schedule,한미 FTA 두족류 양허 스케줄 및 수출 기회 전망,,,90.0,95.0,75.0,90.0,87.5,A,jukkumi_4axis_scores.csv,forensic_4axis_audit,
jukkumi,w17_price_spread,국내산 대 수입산 주꾸미 가격 스프레드 및 시장 분화,,,90.0,95.0,75.0,90.0,87.5,A,jukkumi_4axis_scores.csv,forensic_4axis_audit,
jukkumi,w18_substitutes,프랜차이즈 도매 납품가 및 대체재 교차 탄력성 분석,,,90.0,60.0,65.0,90.0,76.2,B,jukkumi_4axis_scores.csv,forensic_4axis_audit,
jukkumi,w19_vibrio_amr,비브리오 항균제 내성 프로파일 및 보건 리스크,,,60.0,60.0,75.0,90.0,71.2,C,jukkumi_4axis_scores.csv,forensic_4axis_audit,
jukkumi,w20_fip_esg,산지별 지속가능성 인증 현황 및 해역 리스크 지수,,,90.0,95.0,75.0,90.0,87.5,A,jukkumi_4axis_scores.csv,forensic_4axis_audit,
jukkumi,w21_leisure_fishing_impact,유어낚시 자원 잠식도,,,90.0,95.0,60.0,90.0,83.8,B,jukkumi_4axis_scores.csv,forensic_4axis_audit,
jukkumi,w22_vietnam_trawl_fip,베트남 저인망 FIP 진행률,,,90.0,95.0,60.0,90.0,83.8,B,jukkumi_4axis_scores.csv,forensic_4axis_audit,
jukkumi,w23_hmr_yield_optimization,HMR 가공 수율 및 단가,,,90.0,95.0,60.0,90.0,83.8,B,jukkumi_4axis_scores.csv,forensic_4axis_audit,
jukkumi,w24_china_aquaculture_rd,중국 단완낙지 양식 생장률,,,60.0,95.0,60.0,90.0,76.2,B,jukkumi_4axis_scores.csv,forensic_4axis_audit,
jukkumi,w25_tariff_schedule_impact,수입 관세 철폐 스케줄,,,90.0,95.0,60.0,90.0,83.8,B,jukkumi_4axis_scores.csv,forensic_4axis_audit,
jukkumi,w26_coldchain_utilization,동남아 콜드체인 인프라,,,90.0,95.0,60.0,90.0,83.8,B,jukkumi_4axis_scores.csv,forensic_4axis_audit,
jukkumi,w27_japan_kfood_export,일본 K-주꾸미 수출 성장세,,,90.0,95.0,60.0,90.0,83.8,B,jukkumi_4axis_scores.csv,forensic_4axis_audit,
jukkumi,w28_domestic_senior_hmr,시니어 친화 간편식 침투율,,,90.0,95.0,60.0,90.0,83.8,B,jukkumi_4axis_scores.csv,forensic_4axis_audit,
jukkumi,w29_africa_human_rights_risk,아프리카 대체재 인권 리스크,,,90.0,95.0,60.0,90.0,83.8,B,jukkumi_4axis_scores.csv,forensic_4axis_audit,
jukkumi,w30_tac_regulation_map,2026 자원관리 TAC 압박도,,,90.0,95.0,60.0,90.0,83.8,B,jukkumi_4axis_scores.csv,forensic_4axis_audit,
mackerel,components/MackerelAfricanExportROI.tsx,가나 수출 수익률 기반 AI 운송 판별기,S3,,60.0,70.0,55.0,100.0,71.2,C,mackerel_4axis_scores.csv,forensic_4axis_audit,
mackerel,components/MackerelAltSourcingIndex.tsx,대체 공급망 단가 매력도 지수,S1,,90.0,60.0,70.0,90.0,77.5,B,mackerel_4axis_scores.csv,forensic_4axis_audit,
mackerel,components/MackerelAquaculture.tsx,양식 고등어의 부상과 블루오션,S2,,60.0,40.0,55.0,100.0,63.8,D,mackerel_4axis_scores.csv,forensic_4axis_audit,
mackerel,components/MackerelBlackhole.tsx,&quot;고등어 블랙홀&quot; 신흥 시장 발굴,S4,,60.0,40.0,55.0,100.0,63.8,D,mackerel_4axis_scores.csv,forensic_4axis_audit,
mackerel,components/MackerelClimatePredictor.tsx,지구온난화 대형어 흉작 예측 모델,S1,,60.0,70.0,55.0,100.0,71.2,C,mackerel_4axis_scores.csv,forensic_4axis_audit,
mackerel,components/MackerelFTAQuarterly.tsx,FTA 고등어 분기별 수입 동향 (KMI 21개 분기),S3,,90.0,95.0,80.0,100.0,91.2,A,mackerel_4axis_scores.csv,forensic_4axis_audit,
mackerel,components/MackerelFeedRatio.tsx,물가 착시 통계 (식용 vs 생사료 교차비),S2,,60.0,95.0,55.0,100.0,77.5,B,mackerel_4axis_scores.csv,forensic_4axis_audit,
mackerel,components/MackerelFilletPenetration.tsx,순살 필렛(Fillet) HMR 체제 전환 가속,?,,60.0,60.0,70.0,70.0,65.0,C,mackerel_4axis_scores.csv,forensic_4axis_audit,
mackerel,components/MackerelGhanaStrategy.tsx,한국 태평양고등어 가나 수출 전략 (테스트 성과 보고),S5,,60.0,95.0,55.0,90.0,75.0,B,mackerel_4axis_scores.csv,forensic_4axis_audit,
mackerel,components/MackerelKoreaSupply.tsx,🇰🇷 한국 고등어 자급률 위기 모니터,S4,,60.0,40.0,55.0,100.0,63.8,D,mackerel_4axis_scores.csv,forensic_4axis_audit,
mackerel,components/MackerelMacroCycle.tsx,글로벌 고등어 호황/불황 사이클,S4,,60.0,40.0,55.0,100.0,63.8,D,mackerel_4axis_scores.csv,forensic_4axis_audit,
mackerel,components/MackerelNorwayAlt.tsx,공급선 다변화: 노르웨이 독점 대항마,S1,,60.0,60.0,70.0,90.0,70.0,C,mackerel_4axis_scores.csv,forensic_4axis_audit,
mackerel,components/MackerelNorwaySpread.tsx,노르웨이 직수입 원가 스프레드,?,,60.0,60.0,70.0,70.0,65.0,C,mackerel_4axis_scores.csv,forensic_4axis_audit,
mackerel,components/MackerelProcessedWidgets.tsx,칠레-페루 어분(Fishmeal) 제국의 탄생,P1,,60.0,40.0,55.0,90.0,61.2,D,mackerel_4axis_scores.csv,forensic_4axis_audit,
mackerel,components/MackerelProcessedWidgets.tsx,중국의 스텔스 싹쓸이 (블랙홀),P1,,60.0,40.0,55.0,90.0,61.2,D,mackerel_4axis_scores.csv,forensic_4axis_audit,
mackerel,components/MackerelSafetyPremium.tsx,후쿠시마 지정학적 안전 프리미엄,S4,,60.0,40.0,55.0,100.0,63.8,D,mackerel_4axis_scores.csv,forensic_4axis_audit,
mackerel,components/MackerelSankey.tsx,가성비 단백질 배급망 (무역 플로우),S3,,60.0,60.0,70.0,90.0,70.0,C,mackerel_4axis_scores.csv,forensic_4axis_audit,
mackerel,components/MackerelSizePremium.tsx,사이즈간 체급 프리미엄 배수,?,,60.0,60.0,70.0,70.0,65.0,C,mackerel_4axis_scores.csv,forensic_4axis_audit,
mackerel,components/MackerelSpreadWinners.tsx,가공 차익의 승자들,S2,,60.0,60.0,70.0,90.0,70.0,C,mackerel_4axis_scores.csv,forensic_4axis_audit,
mackerel,components/MackerelStorageTurnover.tsx,보세 냉동창고 매점매석/체화 추적기,S3,,60.0,60.0,70.0,90.0,70.0,C,mackerel_4axis_scores.csv,forensic_4axis_audit,
mackerel,components/MackerelStrategy.tsx,한국 태평양고등어 가나 수출 전략 (테스트 성과 보고),S4,,60.0,95.0,55.0,100.0,77.5,B,mackerel_4axis_scores.csv,forensic_4axis_audit,
mackerel,components/MackerelTRQMeter.tsx,정부 정책 TRQ 방출 임박 게이지,S3,,60.0,60.0,70.0,90.0,70.0,C,mackerel_4axis_scores.csv,forensic_4axis_audit,
mackerel,components/MackerelTrioRadar.tsx,조업 vs 가공 vs 소비 트리오 분석,S1,,60.0,60.0,70.0,90.0,70.0,C,mackerel_4axis_scores.csv,forensic_4axis_audit,
mackerel,components/MackerelUnitPrice.tsx,글로벌 단위 단가 랭킹: 프리미엄 타겟 시장,S4,,60.0,60.0,70.0,90.0,70.0,C,mackerel_4axis_scores.csv,forensic_4axis_audit,
mackerel,w01,글로벌 고등어(Scomber) 어종별 연간 어획량 추이,?,,90.0,95.0,70.0,100.0,88.8,A,mackerel_4axis_scores.csv,forensic_4axis_audit,
mackerel,w02,상위 5개국 어획량 집중도 분석,?,,90.0,95.0,70.0,100.0,88.8,A,mackerel_4axis_scores.csv,forensic_4axis_audit,
mackerel,w03,어종별 어획 비중 구조 분석,?,,90.0,75.0,70.0,100.0,83.8,B,mackerel_4axis_scores.csv,forensic_4axis_audit,
mackerel,w04,한·일 연근해 고등어 어획량 감소 추이,?,,90.0,95.0,70.0,100.0,88.8,A,mackerel_4axis_scores.csv,forensic_4axis_audit,
mackerel,w05,고등어 양식 전환 가능성 평가,?,,90.0,75.0,70.0,100.0,83.8,B,mackerel_4axis_scores.csv,forensic_4axis_audit,
mackerel,w06,글로벌 고등어 수출입 규모 추이,?,,90.0,95.0,70.0,100.0,88.8,A,mackerel_4axis_scores.csv,forensic_4axis_audit,
mackerel,w07,한국 수출입 단가 역조 추이 분석,?,,90.0,60.0,70.0,100.0,80.0,B,mackerel_4axis_scores.csv,forensic_4axis_audit,
mackerel,w08,글로벌 가공 허브 국가별 점유율 변동,?,,90.0,95.0,70.0,100.0,88.8,A,mackerel_4axis_scores.csv,forensic_4axis_audit,
mackerel,w09,중국·러시아 원양 고등어 공급 점유율 추이,?,,90.0,95.0,70.0,100.0,88.8,A,mackerel_4axis_scores.csv,forensic_4axis_audit,
mackerel,w10,네덜란드 중계무역 마진 구조 분석,?,,90.0,60.0,70.0,100.0,80.0,B,mackerel_4axis_scores.csv,forensic_4axis_audit,
mackerel,w11,아프리카 수출시장 단가 및 물량 분석,?,,90.0,60.0,70.0,100.0,80.0,B,mackerel_4axis_scores.csv,forensic_4axis_audit,
mackerel,w12,프리미엄 수산물 가격 전략 분석,?,,90.0,60.0,70.0,100.0,80.0,B,mackerel_4axis_scores.csv,forensic_4axis_audit,
mackerel,w13,한국 고등어 자급률 추이 분석,?,,90.0,95.0,70.0,100.0,88.8,A,mackerel_4axis_scores.csv,forensic_4axis_audit,
mackerel,w14,노르웨이 수입 의존도 및 공급 집중 리스크,?,,90.0,95.0,70.0,100.0,88.8,A,mackerel_4axis_scores.csv,forensic_4axis_audit,
mackerel,w15,한국 수출 목적지별 비중 분석,?,,90.0,70.0,70.0,100.0,82.5,B,mackerel_4axis_scores.csv,forensic_4axis_audit,
mackerel,w16,고등어 피쉬밀·오일 생산량 10개년 추이,?,,90.0,70.0,70.0,100.0,82.5,B,mackerel_4axis_scores.csv,forensic_4axis_audit,
mackerel,w17,수출·수입·아프리카향 단가 추이 비교,?,,90.0,75.0,70.0,100.0,83.8,B,mackerel_4axis_scores.csv,forensic_4axis_audit,
mackerel,w18,네덜란드 중계무역 단가 마크업 분석,?,,60.0,60.0,70.0,100.0,72.5,C,mackerel_4axis_scores.csv,forensic_4axis_audit,
mackerel,w19,가나 허브 차익거래 및 우회수출 마진,?,,60.0,60.0,75.0,100.0,73.8,C,mackerel_4axis_scores.csv,forensic_4axis_audit,
mackerel,w21,HMR 가공 전환 부가가치 분석,?,,90.0,70.0,75.0,100.0,83.8,B,mackerel_4axis_scores.csv,forensic_4axis_audit,
mackerel,w22,에코-안전 프리미엄 가격 분석,?,,90.0,60.0,70.0,100.0,80.0,B,mackerel_4axis_scores.csv,forensic_4axis_audit,
mackerel,w23,해수면 온도(SST) 기반 어획 포트폴리오 전략,?,,90.0,75.0,70.0,100.0,83.8,B,mackerel_4axis_scores.csv,forensic_4axis_audit,
mackerel,w24,EU 고등어 가공 형태별 부가가치 추이,?,,90.0,40.0,75.0,100.0,76.2,B,mackerel_4axis_scores.csv,forensic_4axis_audit,
mackerel,w25,ITQ 쿼터 자산화 및 콜드체인 경쟁력 분석,?,,90.0,60.0,70.0,100.0,80.0,B,mackerel_4axis_scores.csv,forensic_4axis_audit,
mackerel,w26,소형어 친환경 배합사료 전환 분석,?,,90.0,70.0,75.0,100.0,83.8,B,mackerel_4axis_scores.csv,forensic_4axis_audit,
mackerel,w27,AI 기반 D2C 구독 다이내믹 프라이싱,?,,90.0,70.0,75.0,100.0,83.8,B,mackerel_4axis_scores.csv,forensic_4axis_audit,
mackerel,w28,EU 국가별 고등어 단가 차익거래 분석,?,,90.0,60.0,70.0,100.0,80.0,B,mackerel_4axis_scores.csv,forensic_4axis_audit,
mackerel,w29,고등어 사료 단가-참다랑어 양식 상관분석,?,,90.0,60.0,70.0,100.0,80.0,B,mackerel_4axis_scores.csv,forensic_4axis_audit,
mackerel,w30,EU 리테일 가격 마크업 분석,?,,90.0,60.0,70.0,100.0,80.0,B,mackerel_4axis_scores.csv,forensic_4axis_audit,
mackerel,w31,EU-아프리카 수입 단가 양극화 분석,?,,60.0,60.0,70.0,100.0,72.5,C,mackerel_4axis_scores.csv,forensic_4axis_audit,
mackerel,w32,EU 고등어 식품 인플레이션 분석,?,,90.0,60.0,70.0,100.0,80.0,B,mackerel_4axis_scores.csv,forensic_4axis_audit,
mackerel,w33,폴란드·프랑스 가공 패권 이동 분석,?,,90.0,95.0,70.0,100.0,88.8,A,mackerel_4axis_scores.csv,forensic_4axis_audit,
mackerel,w34,콜드체인 기반 가격 차익거래 분석,?,,60.0,60.0,70.0,100.0,72.5,C,mackerel_4axis_scores.csv,forensic_4axis_audit,
mackerel,w35,냉동·가공 형태별 부가가치 비교,?,,90.0,40.0,70.0,100.0,75.0,B,mackerel_4axis_scores.csv,forensic_4axis_audit,
mackerel,w36,네덜란드 중개 무역 수익 모델 분석,?,,60.0,60.0,70.0,100.0,72.5,C,mackerel_4axis_scores.csv,forensic_4axis_audit,
mackerel,w37,고등어 스태그플레이션 지표 분석,?,,90.0,95.0,70.0,100.0,88.8,A,mackerel_4axis_scores.csv,forensic_4axis_audit,
mackerel,w38,한국 고등어 무역수지 역전 분석,?,,90.0,60.0,70.0,100.0,80.0,B,mackerel_4axis_scores.csv,forensic_4axis_audit,
mackerel,w39,아이슬란드 소싱 차익거래 분석,?,,90.0,60.0,70.0,100.0,80.0,B,mackerel_4axis_scores.csv,forensic_4axis_audit,
mackerel,w40,CN8 코드별 가공 부가가치 사다리,?,,90.0,40.0,70.0,100.0,75.0,B,mackerel_4axis_scores.csv,forensic_4axis_audit,
mackerel,w41,중국 고등어 가공·수출 확대 분석,?,,90.0,95.0,70.0,100.0,88.8,A,mackerel_4axis_scores.csv,forensic_4axis_audit,
mackerel,w42,노르웨이 TAC 쿼터 감축 영향 분석,?,,90.0,75.0,70.0,100.0,83.8,B,mackerel_4axis_scores.csv,forensic_4axis_audit,
mackerel,w44,NPFC/ICES 자원평가 건강성 스코어카드,?,,90.0,95.0,70.0,100.0,88.8,A,mackerel_4axis_scores.csv,forensic_4axis_audit,
mackerel,w48,2025 Q1 글로벌 수출 랭킹 (INFOFISH),?,,90.0,95.0,70.0,100.0,88.8,A,mackerel_4axis_scores.csv,forensic_4axis_audit,
mackerel,w51,소비자 가격 분해 (유통 마진 구조),?,,90.0,60.0,70.0,100.0,80.0,B,mackerel_4axis_scores.csv,forensic_4axis_audit,
mackerel,w52,아프리카 수출 급증 추이 분석,?,,60.0,60.0,70.0,100.0,72.5,C,mackerel_4axis_scores.csv,forensic_4axis_audit,
mackerel,w43,EU 어획량 감소 및 어군 이동 분석,?,,90.0,75.0,75.0,100.0,85.0,A,mackerel_4axis_scores.csv,forensic_4axis_audit,
mackerel,w45,가공 형태별 마진율 비교 분석,?,,90.0,60.0,70.0,100.0,80.0,B,mackerel_4axis_scores.csv,forensic_4axis_audit,
mackerel,w46,EU 산지별 1차 판매가 프리미엄 분석,?,,90.0,70.0,75.0,100.0,83.8,B,mackerel_4axis_scores.csv,forensic_4axis_audit,
mackerel,w49,FTA/관세 차익거래 매트릭스,?,,90.0,95.0,70.0,100.0,88.8,A,mackerel_4axis_scores.csv,forensic_4axis_audit,
mackerel,w50,IUU 불법어업 규제 준수 레이더,?,,90.0,75.0,70.0,100.0,83.8,B,mackerel_4axis_scores.csv,forensic_4axis_audit,
mackerel,w53,HMR 이커머스 시장 침투율 추이,?,,60.0,60.0,70.0,100.0,72.5,C,mackerel_4axis_scores.csv,forensic_4axis_audit,
mackerel,w54,MSC 인증 프리미엄 및 탄소 발자국 비교,?,,90.0,60.0,70.0,100.0,80.0,B,mackerel_4axis_scores.csv,forensic_4axis_audit,
mackerel,w55,선원 인권 및 임금체불 리스크 지수,?,,60.0,60.0,70.0,100.0,72.5,C,mackerel_4axis_scores.csv,forensic_4axis_audit,
mackerel,w56,OECD 수산 보조금 및 IUU 감시 레이더,?,,90.0,60.0,70.0,100.0,80.0,B,mackerel_4axis_scores.csv,forensic_4axis_audit,
mackerel,w57,EU 3중 충격 인덱스 (COVID·Brexit·우크라이나),?,,90.0,95.0,70.0,100.0,88.8,A,mackerel_4axis_scores.csv,forensic_4axis_audit,
mackerel,w58,EU 수출시장 방향 전환 분석,?,,60.0,60.0,70.0,100.0,72.5,C,mackerel_4axis_scores.csv,forensic_4axis_audit,
mackerel,w59,EU 밸류체인 가격 워터폴 분석,?,,90.0,60.0,70.0,100.0,80.0,B,mackerel_4axis_scores.csv,forensic_4axis_audit,
mackerel,w60,폴란드 가공 허브 성장 지표 분석,?,,90.0,95.0,70.0,100.0,88.8,A,mackerel_4axis_scores.csv,forensic_4axis_audit,
mackerel,w61,EU 정책 레질리언스 스코어카드,?,,90.0,60.0,65.0,100.0,78.8,B,mackerel_4axis_scores.csv,forensic_4axis_audit,
mackerel,w62,EU→아시아 해상운임 상승 영향 분석,?,,60.0,60.0,70.0,100.0,72.5,C,mackerel_4axis_scores.csv,forensic_4axis_audit,
mackerel,w63,인플레이션발 대체 단백질 소비 효과,?,,90.0,60.0,70.0,100.0,80.0,B,mackerel_4axis_scores.csv,forensic_4axis_audit,
mackerel,w64,2025 Q1 한국 수출 급증 분석 (+84%),?,,90.0,95.0,75.0,100.0,90.0,A,mackerel_4axis_scores.csv,forensic_4axis_audit,
mackerel,w65,노르웨이산 원물 가격 추이 및 최고가 분석,?,,90.0,75.0,75.0,100.0,85.0,A,mackerel_4axis_scores.csv,forensic_4axis_audit,
mackerel,w66,한-영 FTA 수혜 영국산 수입 급증 분석,?,,90.0,95.0,75.0,100.0,90.0,A,mackerel_4axis_scores.csv,forensic_4axis_audit,
mackerel,w67,삼각 가공 재수출 밸류체인 분석,?,,90.0,75.0,65.0,100.0,82.5,B,mackerel_4axis_scores.csv,forensic_4axis_audit,
mackerel,w68,TAC 관리전략평가(MSE) 의사결정 검증,?,,90.0,60.0,60.0,100.0,77.5,B,mackerel_4axis_scores.csv,forensic_4axis_audit,
mackerel,w69,환경보정 CPUE 표준화 추이 분석,?,,90.0,60.0,60.0,100.0,77.5,B,mackerel_4axis_scores.csv,forensic_4axis_audit,
mackerel,w70,시장가격-자원평가 통합 모델 기여도 분석,?,,90.0,95.0,60.0,100.0,86.2,A,mackerel_4axis_scores.csv,forensic_4axis_audit,
mackerel,w71,부산물 지방산 프로파일링 및 고부가가치화,?,,90.0,75.0,60.0,100.0,81.2,B,mackerel_4axis_scores.csv,forensic_4axis_audit,
mackerel,w72,AI 초분광 비파괴 신선도 분류 기술 평가,?,,90.0,70.0,60.0,100.0,80.0,B,mackerel_4axis_scores.csv,forensic_4axis_audit,
mackerel,w73,남해 고등어 영양단계 및 먹이생태 분석,?,,90.0,60.0,60.0,100.0,77.5,B,mackerel_4axis_scores.csv,forensic_4axis_audit,
mackerel,w74,고등어 기반 고령친화식품 물성 연구,?,,90.0,60.0,60.0,100.0,77.5,B,mackerel_4axis_scores.csv,forensic_4axis_audit,
mackerel,w75,냉동 필렛 보냉팩 최적화 유통 연구,?,,90.0,40.0,60.0,100.0,72.5,C,mackerel_4axis_scores.csv,forensic_4axis_audit,
mackerel,w_us_boneless,미국 순살 고등어 경쟁사 프라이싱 레이더,?,,60.0,60.0,60.0,90.0,67.5,C,mackerel_4axis_scores.csv,forensic_4axis_audit,
mackerel,w_africa_coldchain,아프리카(가나/나이지리아) 콜드체인 리스크 지수,?,,60.0,60.0,60.0,90.0,67.5,C,mackerel_4axis_scores.csv,forensic_4axis_audit,
mackerel,w_global_b2c_channel,타깃 권역별 소비 채널 점유율 비교,?,,60.0,60.0,60.0,90.0,67.5,C,mackerel_4axis_scores.csv,forensic_4axis_audit,
mackerel,w_busan_procurement,부산공동어시장 원물 수매 단가 및 물량,?,,60.0,60.0,60.0,90.0,67.5,C,mackerel_4axis_scores.csv,forensic_4axis_audit,
mackerel,w_andong_salted,국내 프리미엄 가공(간고등어) 원물 규격 지표,?,,60.0,60.0,60.0,90.0,67.5,C,mackerel_4axis_scores.csv,forensic_4axis_audit,
mackerel,w_domestic_retail,수도권 권역별 소매 채널 가격 스프레드,?,,60.0,60.0,60.0,90.0,67.5,C,mackerel_4axis_scores.csv,forensic_4axis_audit,
salmon,-,ESG 공급망 투명성 트래커,S5,,60.0,95.0,80.0,100.0,83.8,B,salmon_4axis_scores.csv,forensic_4axis_audit,
salmon,-,수급 전망 & 착지원가 시뮬레이터,S4,,60.0,95.0,95.0,100.0,87.5,A,salmon_4axis_scores.csv,forensic_4axis_audit,
salmon,-,[가공] AI 기반 수율 극대화 & 스마트 팩토리 CAPEX,S2,,60.0,40.0,40.0,100.0,60.0,D,salmon_4axis_scores.csv,forensic_4axis_audit,
salmon,-,수온 상승의 역설 & 탄소세(Carbon Tax) 폭탄,S5,,60.0,40.0,40.0,100.0,60.0,D,salmon_4axis_scores.csv,forensic_4axis_audit,
salmon,-,[ESG] 이중 중대성 평가 (Double Materiality),S5,,60.0,40.0,40.0,100.0,60.0,D,salmon_4axis_scores.csv,forensic_4axis_audit,
salmon,-,마진율 방어: 사료 내재화 & 기능성 대체 원료,S1,,60.0,40.0,40.0,100.0,60.0,D,salmon_4axis_scores.csv,forensic_4axis_audit,
salmon,-,[원물] 사료 원가 리스크 헷징: 대체 단백질 & FIFO (Fish In-Fish Out),S1,,60.0,40.0,40.0,100.0,60.0,D,salmon_4axis_scores.csv,forensic_4axis_audit,
salmon,-,[판매] 공급 변동성과 스팟 가격(Spot Price) 역상관관계,S4,,60.0,40.0,40.0,100.0,60.0,D,salmon_4axis_scores.csv,forensic_4axis_audit,
salmon,-,[물류] 거시 충격과 EU 연어 수입 물류 회복탄력성,S3,,55.0,95.0,95.0,70.0,78.8,B,salmon_4axis_scores.csv,forensic_4axis_audit,
salmon,-,[가공] EU 훈제 연어 마진 압박과 가격 결정력 (Pricing Power),S2,,60.0,40.0,40.0,100.0,60.0,D,salmon_4axis_scores.csv,forensic_4axis_audit,
salmon,-,무인화(Lights-out) 공장 & 슈퍼 칠링,S2,,60.0,40.0,40.0,100.0,60.0,D,salmon_4axis_scores.csv,forensic_4axis_audit,
salmon,-,[물류] 콜드체인 고도화: 해운 전환 및 IoT 모니터링,S3,,60.0,40.0,40.0,100.0,60.0,D,salmon_4axis_scores.csv,forensic_4axis_audit,
salmon,-,생물학적 한계 돌파: 포스트 스몰트 & 심해 레이저,S1,,60.0,40.0,40.0,100.0,60.0,D,salmon_4axis_scores.csv,forensic_4axis_audit,
salmon,-,[판매] 인플레이션 대체 단백질 가격 (Trade-Down),S4,,55.0,95.0,95.0,70.0,78.8,B,salmon_4axis_scores.csv,forensic_4axis_audit,
salmon,-,실시간 연어 무역 인텔리전스,S4,,90.0,40.0,40.0,100.0,67.5,C,salmon_4axis_scores.csv,forensic_4axis_audit,
salmon,-,비관세장벽 & 컴플라이언스 레이더,S3,,90.0,95.0,95.0,100.0,95.0,A,salmon_4axis_scores.csv,forensic_4axis_audit,
salmon,-,정책 임팩트 시뮬레이터,S3,,60.0,95.0,55.0,100.0,77.5,B,salmon_4axis_scores.csv,forensic_4axis_audit,
salmon,w01_paradigm,글로벌 패러다임: 생산량 (어획 vs 양식),,,60.0,40.0,40.0,70.0,52.5,D,salmon_4axis_scores.csv,forensic_4axis_audit,
salmon,w02_aqua_value,글로벌 대서양 연어 가치 폭등 곡선,,,60.0,40.0,40.0,70.0,52.5,D,salmon_4axis_scores.csv,forensic_4axis_audit,
salmon,w03_aqua_pie,양식 제국 독점: Top 5 국가 리더보드 (2022),,,60.0,40.0,40.0,70.0,52.5,D,salmon_4axis_scores.csv,forensic_4axis_audit,
salmon,w04_proc,글로벌 2차 가공 부가가치 산업의 폭발적 팽창,,,60.0,40.0,40.0,70.0,52.5,D,salmon_4axis_scores.csv,forensic_4axis_audit,
salmon,w05_cash,자본 회수: 양식 매출(Cash-Flow) Top 국가,,,60.0,40.0,40.0,70.0,52.5,D,salmon_4axis_scores.csv,forensic_4axis_audit,
salmon,w06_trade_vol,거대 트레이딩: 글로벌 무역 파이 팽창선,,,60.0,40.0,40.0,70.0,52.5,D,salmon_4axis_scores.csv,forensic_4axis_audit,
salmon,w07_export,수출 지배자: 연어 무역 패권 Top 10,,,60.0,40.0,40.0,70.0,52.5,D,salmon_4axis_scores.csv,forensic_4axis_audit,
salmon,w08_import,Everyday Luxury 현상: 미국 침체와 아시아 시장의 폭발,,,60.0,40.0,40.0,70.0,52.5,D,salmon_4axis_scores.csv,forensic_4axis_audit,
salmon,w09_kr_import,한국의 취약성: 절대적 수입 의존 폭증 곡선,,,60.0,40.0,40.0,70.0,52.5,D,salmon_4axis_scores.csv,forensic_4axis_audit,
salmon,w10_kr_deficit,한국 연어 무역 적자(Deficit Gap) 가속,,,60.0,40.0,40.0,70.0,52.5,D,salmon_4axis_scores.csv,forensic_4axis_audit,
salmon,w11_kr_price,연어 플레이션: 글로벌 수입 단가율 추이,,,60.0,40.0,40.0,70.0,52.5,D,salmon_4axis_scores.csv,forensic_4axis_audit,
salmon,w12_margin,단가 폭락 방어전: Volume-Push와 사상 최고 수출액,,,60.0,40.0,40.0,70.0,52.5,D,salmon_4axis_scores.csv,forensic_4axis_audit,
salmon,w13_monopoly,글로벌 복점(Duopoly) — 노르웨이와 칠레의 양강 체제,,,60.0,40.0,40.0,70.0,52.5,D,salmon_4axis_scores.csv,forensic_4axis_audit,
salmon,w14_value,노르웨이 양식 산업의 진화: 볼륨(Volume)에서 가치(Value)로,,,60.0,40.0,40.0,70.0,52.5,D,salmon_4axis_scores.csv,forensic_4axis_audit,
salmon,w15_korea_deficit,연어 블랙홀 🇰🇷 — 매년 5억 달러 규모의 무역 적자,,,60.0,40.0,40.0,70.0,52.5,D,salmon_4axis_scores.csv,forensic_4axis_audit,
salmon,w16_processing,"동유럽의 급부상 — 유럽의 연어 가공 허브, 폴란드",,,60.0,40.0,40.0,70.0,52.5,D,salmon_4axis_scores.csv,forensic_4axis_audit,
salmon,w17_tier,절대적 가치 밀도 — 연어 산업의 자본화,,,60.0,40.0,40.0,70.0,52.5,D,salmon_4axis_scores.csv,forensic_4axis_audit,
salmon,w18_extinction,자연산 상업 어획의 멸종 — 양식 비율 99.9%,,,60.0,40.0,40.0,70.0,52.5,D,salmon_4axis_scores.csv,forensic_4axis_audit,
salmon,w19_iceland,"다크호스 아이슬란드 — 14년간 4,500% 은밀한 팽창",,,60.0,40.0,40.0,70.0,52.5,D,salmon_4axis_scores.csv,forensic_4axis_audit,
salmon,w20_margin_paradox,"칠레의 역설 — 물량은 절반, 톤당 가치는 45% 프리미엄",,,60.0,40.0,40.0,70.0,52.5,D,salmon_4axis_scores.csv,forensic_4axis_audit,
salmon,w21_russia_blackhole,러시아 블랙홀 — 서방 제재 속 칠레산 흡수력,,,60.0,40.0,40.0,70.0,52.5,D,salmon_4axis_scores.csv,forensic_4axis_audit,
salmon,w22_license_gold,노르웨이 연어 면허 = 디지털 금광,,,60.0,40.0,40.0,70.0,52.5,D,salmon_4axis_scores.csv,forensic_4axis_audit,
salmon,w23_chile_chokepoint,한국의 초크포인트 — 노르웨이 신선 원물 수입 편중 70%,,,60.0,40.0,40.0,70.0,52.5,D,salmon_4axis_scores.csv,forensic_4axis_audit,
salmon,w24_poland_hub,"폴란드 가공 모델 — 양식 제로, 재수출로 $840M 순이익 창출",,,60.0,40.0,40.0,70.0,52.5,D,salmon_4axis_scores.csv,forensic_4axis_audit,
salmon,n1_hfs_paradox,HFS(하이브리드 유수식) 고수익성 역설,,,60.0,40.0,40.0,70.0,52.5,D,salmon_4axis_scores.csv,forensic_4axis_audit,
salmon,n2_tariff_hoarding,15% 관세 폭탄 무력화: 프론트로딩 헷징,,,60.0,40.0,40.0,70.0,52.5,D,salmon_4axis_scores.csv,forensic_4axis_audit,
salmon,n3_melanosis_upcycle,가치 방어전: 멜라닌 등급 강등과 업사이클링,,,60.0,40.0,40.0,70.0,52.5,D,salmon_4axis_scores.csv,forensic_4axis_audit,
salmon,k1_ras_photoperiod,RAS 광주기 조절이 대서양연어 Parr 성장에 미치는 영향,,,60.0,40.0,40.0,70.0,52.5,D,salmon_4axis_scores.csv,forensic_4axis_audit,
salmon,k2_smolt_offseason,Off-season Smolt 생산: 광주기+체크기 조합 최적화,,,60.0,40.0,40.0,70.0,52.5,D,salmon_4axis_scores.csv,forensic_4axis_audit,
salmon,k3_temp_cataract,대서양연어 치어 수온별 백내장 발생률 및 성장,,,60.0,40.0,40.0,70.0,52.5,D,salmon_4axis_scores.csv,forensic_4axis_audit,
salmon,k4_listeria,훈제 연어 리스테리아 오염도 실태 조사,,,60.0,40.0,40.0,70.0,52.5,D,salmon_4axis_scores.csv,forensic_4axis_audit,
salmon,k5_nutrition,횟감용 연어 vs 광어·참돔: 영양 특성 비교,,,55.0,40.0,40.0,40.0,43.8,D,salmon_4axis_scores.csv,forensic_4axis_audit,
salmon,k6_jerky,연어 육포 제조공정 최적화: RSM 기반 HMR 신제품,,,60.0,40.0,40.0,70.0,52.5,D,salmon_4axis_scores.csv,forensic_4axis_audit,
salmon,k7_chum_coastal,남대천 방류 연어 치어의 연안 이동 경로 추적,,,60.0,40.0,40.0,70.0,52.5,D,salmon_4axis_scores.csv,forensic_4axis_audit,
salmon,k8_chinook,한국 최초 왕연어(Chinook) 출현 기록: 기후변화 시그널,,,60.0,40.0,40.0,70.0,52.5,D,salmon_4axis_scores.csv,forensic_4axis_audit,
salmon,w36_supply_outlook,2026 글로벌 공급 전망,,,55.0,95.0,70.0,40.0,65.0,C,salmon_4axis_scores.csv,forensic_4axis_audit,
salmon,w37_smolt_efficiency,대형 스몰트 혁명: 해상사이클 효율화,,,55.0,75.0,70.0,40.0,60.0,D,salmon_4axis_scores.csv,forensic_4axis_audit,
salmon,w38_smoked_eu,EU 훈제연어 밸류체인 가격구조,,,55.0,70.0,70.0,40.0,58.8,D,salmon_4axis_scores.csv,forensic_4axis_audit,
salmon,w39_hab_risk,칠레 HAB 리스크 인덱스,,,55.0,75.0,70.0,40.0,60.0,D,salmon_4axis_scores.csv,forensic_4axis_audit,
salmon,w40_market_growth,글로벌 시장 성장 전망 2025-2034,,,55.0,95.0,70.0,40.0,65.0,C,salmon_4axis_scores.csv,forensic_4axis_audit,
salmon,w41_feed_cost,사료 원가 구성 및 대체원료 전환,,,55.0,75.0,70.0,40.0,60.0,D,salmon_4axis_scores.csv,forensic_4axis_audit,
salmon,w42_mortality_kpi,양식 폐사율 추이 및 목표,,,55.0,75.0,70.0,40.0,60.0,D,salmon_4axis_scores.csv,forensic_4axis_audit,
salmon,w43_diversification,한국 수입 다변화 지수,,,55.0,40.0,70.0,40.0,51.2,D,salmon_4axis_scores.csv,forensic_4axis_audit,
salmon,w44_scope3_carbon,연어 밸류체인 탄소발자국 분석,,,55.0,75.0,70.0,40.0,60.0,D,salmon_4axis_scores.csv,forensic_4axis_audit,
salmon,w45_automation_roi,가공 자동화 투자 수익 분석,,,55.0,75.0,70.0,40.0,60.0,D,salmon_4axis_scores.csv,forensic_4axis_audit,
salmon,w_fta_salmon_supply_pivot,"공급망 대전환 — 러시아 35.8%→0%, 노르웨이 60%→83%",,,90.0,95.0,70.0,70.0,81.2,B,salmon_4axis_scores.csv,forensic_4axis_audit,
salmon,w_fta_salmon_russia_collapse,러시아 -84.8% 절벽 — 한국 가공 허브의 소멸,,,90.0,95.0,70.0,70.0,81.2,B,salmon_4axis_scores.csv,forensic_4axis_audit,
salmon,w_fta_salmon_form_shift,신선 피레트 신등장 — 가공 형태 5단계 진화,,,90.0,95.0,70.0,70.0,81.2,B,salmon_4axis_scores.csv,forensic_4axis_audit,
salmon,w_fta_salmon_chile_rebound,2026 1Q 칠레 +32.3% — 노르웨이 대체재 부상,,,90.0,95.0,70.0,70.0,81.2,B,salmon_4axis_scores.csv,forensic_4axis_audit,
salmon,w_fta_salmon_value_volume,액 -2.4% vs 물량 -4.0% — 단가 회복 사이클 시그널,,,90.0,95.0,70.0,70.0,81.2,B,salmon_4axis_scores.csv,forensic_4axis_audit,
sashimi,W-SAS14,한국-일본 수출 의존도 추이,S5,STATIC,90.0,75.0,55.0,100.0,80.0,B,sashimi_4axis_scores.csv,forensic_4axis_audit,
sashimi,W-SAS15,한국 주요 참치 기업 현황,S5,STATIC,90.0,75.0,55.0,100.0,80.0,B,sashimi_4axis_scores.csv,forensic_4axis_audit,
sashimi,W-SAS17,한국의 지중해 BFT 수입 지도,S5,STATIC,90.0,75.0,55.0,100.0,80.0,B,sashimi_4axis_scores.csv,forensic_4axis_audit,
sashimi,W-SAS13,한국 참치 생산 구조 (이중 구조),S5,STATIC,90.0,75.0,55.0,100.0,80.0,B,sashimi_4axis_scores.csv,forensic_4axis_audit,
sashimi,W-SAS16,한국 참치 외식 양극화 + D2C 부상,S5,STATIC,60.0,75.0,55.0,100.0,72.5,C,sashimi_4axis_scores.csv,forensic_4axis_audit,
sashimi,W-SAS20,한국 10년 무역 구조 변화 (2015-2024),S2,STATIC,60.0,70.0,55.0,100.0,71.2,C,sashimi_4axis_scores.csv,forensic_4axis_audit,
sashimi,W-SAS02,🇺🇸 미국 비통조림 참치 수입액 ($829M),S5,SYNCED,90.0,75.0,80.0,100.0,86.2,A,sashimi_4axis_scores.csv,forensic_4axis_audit,
sashimi,W-SAS18,4개국 사시미 공급망 구조 비교,S5,STATIC,90.0,75.0,55.0,100.0,80.0,B,sashimi_4axis_scores.csv,forensic_4axis_audit,
sashimi,W-SAS01,글로벌 트라이애드 (미국/EU/일본),S5,STATIC,90.0,75.0,55.0,100.0,80.0,B,sashimi_4axis_scores.csv,forensic_4axis_audit,
sashimi,W-SAS21,글로벌 사시미 시장 핫스팟,S1,STATIC,90.0,70.0,55.0,100.0,78.8,B,sashimi_4axis_scores.csv,forensic_4axis_audit,
sashimi,W-SAS04,일산화탄소(CO) 처리 참치: 단가 교란과 규제 리스크,S5,STATIC,90.0,75.0,55.0,100.0,80.0,B,sashimi_4axis_scores.csv,forensic_4axis_audit,
sashimi,W-SAS05,하와이 호놀룰루 참치 경매 동향,S5,STATIC,90.0,75.0,55.0,100.0,80.0,B,sashimi_4axis_scores.csv,forensic_4axis_audit,
sashimi,W-SAS03,미국 사시미 공급망 양극화 구조,S5,STATIC,90.0,75.0,55.0,100.0,80.0,B,sashimi_4axis_scores.csv,forensic_4axis_audit,
sashimi,W-SAS29,미국 수입 공급국 & 어종 집중도,S3,STATIC,90.0,70.0,55.0,100.0,78.8,B,sashimi_4axis_scores.csv,forensic_4axis_audit,
sashimi,W-SAS30,미국 스시·포케 시장규모 & 채널,S4,STATIC,75.0,70.0,55.0,100.0,75.0,B,sashimi_4axis_scores.csv,forensic_4axis_audit,
sashimi,W-SAS25,🇹🇭 태국 — 세계 최대 참치 가공 허브,S1,STATIC,90.0,70.0,55.0,100.0,78.8,B,sashimi_4axis_scores.csv,forensic_4axis_audit,
sashimi,W-SAS26,🇬🇧 영국 — MSC 주도 참치 시장 & FTA 우위,S1,STATIC,90.0,70.0,55.0,100.0,78.8,B,sashimi_4axis_scores.csv,forensic_4axis_audit,
sashimi,W-SAS06,EU 참다랑어 축양 마진 구조 (Ranching Economics),S5,STATIC,90.0,75.0,55.0,100.0,80.0,B,sashimi_4axis_scores.csv,forensic_4axis_audit,
sashimi,W-SAS08,EU 주요국 사시미/스테이크 소매 침투율,S5,STATIC,90.0,75.0,55.0,100.0,80.0,B,sashimi_4axis_scores.csv,forensic_4axis_audit,
sashimi,W-SAS07,EU 참다랑어 국가별 생산 쿼터,S5,STATIC,90.0,75.0,55.0,100.0,80.0,B,sashimi_4axis_scores.csv,forensic_4axis_audit,
sashimi,W-SAS31,EU 신선 vs 통조림 소비 & 채널,S4,STATIC,90.0,70.0,55.0,100.0,78.8,B,sashimi_4axis_scores.csv,forensic_4axis_audit,
sashimi,W-SAS32,EU 수입 세분 — 단가가 용도를 말한다,S4,STATIC,90.0,70.0,55.0,100.0,78.8,B,sashimi_4axis_scores.csv,forensic_4axis_audit,
sashimi,W-SAS27,🇯🇵 도요스 경매 & 일본 사시미 시장,S1,STATIC,90.0,95.0,55.0,100.0,85.0,A,sashimi_4axis_scores.csv,forensic_4axis_audit,
sashimi,W-SAS11,지역별 쿼터(Quota) 양극화 및 자원 압박,S5,STATIC,90.0,75.0,55.0,100.0,80.0,B,sashimi_4axis_scores.csv,forensic_4axis_audit,
sashimi,W-SAS12,추적성(Traceability) 및 지속가능성 리스크,S5,STATIC,90.0,75.0,55.0,100.0,80.0,B,sashimi_4axis_scores.csv,forensic_4axis_audit,
sashimi,W-SAS19,일본 사시미 수요 장기 감소 — 글로벌 리스크,S1,STATIC,90.0,70.0,55.0,100.0,78.8,B,sashimi_4axis_scores.csv,forensic_4axis_audit,
sashimi,W-SAS09,어종/형태별 사시미 가격 사다리 (Price Ladder),S5,STATIC,90.0,75.0,55.0,100.0,80.0,B,sashimi_4axis_scores.csv,forensic_4axis_audit,
sashimi,W-SAS22,어종별 가격 위계 & 용도 매트릭스,S1,STATIC,90.0,70.0,55.0,100.0,78.8,B,sashimi_4axis_scores.csv,forensic_4axis_audit,
sashimi,W-SAS10,프리미엄 생물 참치의 쾌락적(Hedonic) 가격 결정 요인,S5,STATIC,60.0,75.0,55.0,100.0,72.5,C,sashimi_4axis_scores.csv,forensic_4axis_audit,
sashimi,W-SAS24,수출 진입요건 체크리스트 — 시장별 비교,S2,STATIC,90.0,75.0,55.0,100.0,80.0,B,sashimi_4axis_scores.csv,forensic_4axis_audit,
sashimi,W-SAS23,한국 공장 수출 파트너 전략 (미국·영국·일본),S2,STATIC,90.0,75.0,55.0,100.0,80.0,B,sashimi_4axis_scores.csv,forensic_4axis_audit,
sashimi,W-SAS28,🔮 글로벌 사시미 시장 전망 2030+,S1,STATIC,75.0,75.0,55.0,100.0,76.2,B,sashimi_4axis_scores.csv,forensic_4axis_audit,
sashimi_new36,SasUsCompetitorMap,미국 사시미 유통 경쟁 지도,S4,STATIC,66.0,50.0,70.0,74.0,65.0,D,sashimi_new36_4axis_scores.csv,forensic_4axis_audit,audit_avg=70.75;p0=0;p1=3;p2=3
sashimi_new36,SasUsDemandSeasonality,미국 참치 수요 드라이버 & 계절성,S4,STATIC,72.0,70.0,66.0,78.0,71.5,C,sashimi_new36_4axis_scores.csv,forensic_4axis_audit,audit_avg=81.5;p0=0;p1=3;p2=4
sashimi_new36,SasUsImportBarriers,미국 참치 수입 규제 3중 관문,S3,STATIC,80.0,70.0,74.0,88.0,78.0,B,sashimi_new36_4axis_scores.csv,forensic_4axis_audit,audit_avg=85.75;p0=0;p1=2;p2=3
sashimi_new36,SasUsMarginWaterfall,미국 참치 마진 워터폴 ($/kg),S4,STATIC,44.0,60.0,38.0,64.0,51.5,F,sashimi_new36_4axis_scores.csv,forensic_4axis_audit,audit_avg=64.0;p0=0;p1=5;p2=3
sashimi_new36,SasUsTariffLadder,2025 미국 상호관세 공급국 사다리,S3,STATIC,86.0,78.0,76.0,80.0,80.0,B,sashimi_new36_4axis_scores.csv,forensic_4axis_audit,audit_avg=86.5;p0=0;p1=3;p2=3
sashimi_new36,SasUkChannelSplit,영국 참치 채널 이원화 (캔 vs 스시·투고),S4,STATIC,70.0,80.0,68.0,78.0,74.5,C+,sashimi_new36_4axis_scores.csv,forensic_4axis_audit,audit_avg=81.5;p0=0;p1=3;p2=2
sashimi_new36,SasUkSupplierTariff,영국 참치 수입 공급국 & 관세 비대칭,S3,STATIC,78.0,86.0,70.0,80.0,79.0,B,sashimi_new36_4axis_scores.csv,forensic_4axis_audit,audit_avg=81.0;p0=0;p1=3;p2=3
sashimi_new36,SasThaiEsgRisk,태국 수산 ESG 리스크 (IUU·강제노동),S5,STATIC,82.0,78.0,83.0,80.0,80.75,B,sashimi_new36_4axis_scores.csv,forensic_4axis_audit,audit_avg=85.75;p0=0;p1=2;p2=3
sashimi_new36,SasThaiSourcing,태국 원료조달 & EU 관세 핸디캡,S1,STATIC,58.0,60.0,54.0,84.0,64.0,D,sashimi_new36_4axis_scores.csv,forensic_4axis_audit,audit_avg=73.0;p0=0;p1=3;p2=3
sashimi_new36,SasEuBrandMap,EU 캔참치 국가별 시장·브랜드 구도,S4,STATIC,73.0,71.0,79.0,82.0,75.5,B,sashimi_new36_4axis_scores.csv,forensic_4axis_audit,audit_avg=78.5;p0=0;p1=2;p2=3
sashimi_new36,SasEuCatchGate,EU 진입 규제 게이트 (CATCH 디지털 인증),S3,STATIC,90.0,78.0,85.0,88.0,82.5,B+,sashimi_new36_4axis_scores.csv,forensic_4axis_audit,audit_avg=85.25;p0=0;p1=2;p2=2
sashimi_new36,SasEuClosedCycle,EU 완전양식 참다랑어 — 야생쿼터 탈피 신기술,S2,STATIC,64.0,54.0,63.0,85.0,66.5,C,sashimi_new36_4axis_scores.csv,forensic_4axis_audit,audit_avg=71.0;p0=0;p1=3;p2=3
sashimi_new36,SasEuDistantFleet,EU 원양선단 인도양 황다랑어 자원 리스크,S1,STATIC,78.0,70.0,68.0,80.0,74.0,B,sashimi_new36_4axis_scores.csv,forensic_4axis_audit,audit_avg=87.5;p0=0;p1=3;p2=3
sashimi_new36,SasEuMscGate,EU·영국 MSC 지속가능 라벨 게이트,S5,STATIC,78.0,77.0,74.0,74.0,75.75,C,sashimi_new36_4axis_scores.csv,forensic_4axis_audit,audit_avg=82.5;p0=0;p1=3;p2=3
sashimi_new36,SasEuProcessingHub,EU 참치 가공 허브 — 스페인,S2,STATIC,60.0,50.0,58.0,84.0,63.0,D,sashimi_new36_4axis_scores.csv,forensic_4axis_audit,audit_avg=73.5;p0=0;p1=3;p2=2
sashimi_new36,SasEuRetailInflation,EU 캔참치 원료가 변동성 & 소비자 다운트레이딩,S4,STATIC,58.0,82.0,52.0,82.0,68.5,D,sashimi_new36_4axis_scores.csv,forensic_4axis_audit,audit_avg=80.0;p0=0;p1=4;p2=2
sashimi_new36,SasEuTariffRegime,EU 참치 관세 체제 — 24% 장벽과 무관세 우회로,S3,STATIC,78.0,65.0,72.0,74.0,72.25,C,sashimi_new36_4axis_scores.csv,forensic_4axis_audit,audit_avg=79.0;p0=0;p1=2;p2=3
sashimi_new36,SasExColdLogistics,부산발 참치 수출 콜드체인 운송 경로,S3,STATIC,68.0,74.0,52.0,80.0,68.5,C,sashimi_new36_4axis_scores.csv,forensic_4axis_audit,audit_avg=79.25;p0=0;p1=3;p2=2
sashimi_new36,SasExEmergingMena,중동 할랄 사시미 교두보 — 신흥 수출시장,S4,STATIC,79.0,88.0,72.0,88.0,81.75,B,sashimi_new36_4axis_scores.csv,forensic_4axis_audit,audit_avg=84.25;p0=0;p1=3;p2=4
sashimi_new36,SasGlChinaDemand,중국 참치 수요 부상 — 일본 의존 탈피 다변화 대상,S4,STATIC,66.0,58.0,70.0,85.0,71.75,C,sashimi_new36_4axis_scores.csv,forensic_4axis_audit,audit_avg=67.5;p0=0;p1=2;p2=1
sashimi_new36,SasGlConsumptionMatrix,국가별 참치 사시미 소비시장 비교,S4,STATIC,60.0,52.0,52.0,87.0,62.75,D,sashimi_new36_4axis_scores.csv,forensic_4axis_audit,audit_avg=71.5;p0=0;p1=5;p2=3
sashimi_new36,SasGlTradeFlows,글로벌 참치 무역 흐름 — 통조림 vs 비통조림,S4,STATIC,78.0,55.0,60.0,84.0,69.0,C+,sashimi_new36_4axis_scores.csv,forensic_4axis_audit,audit_avg=79.0;p0=0;p1=4;p2=2
sashimi_new36,SasGlWcpoSupply,글로벌 참치 공급 — WCPO 사상 최대 어획,S1,STATIC,80.0,88.0,68.0,93.0,80.5,B+,sashimi_new36_4axis_scores.csv,forensic_4axis_audit,audit_avg=89.25;p0=0;p1=4;p2=4
sashimi_new36,SasJpAquaculture,일본 참다랑어 완전양식의 역설,S2,STATIC,74.0,90.0,58.0,80.0,75.5,C,sashimi_new36_4axis_scores.csv,forensic_4axis_audit,audit_avg=84.25;p0=0;p1=3;p2=3
sashimi_new36,SasJpDistribution,도요스 너머 — 일본 사시미 유통 구조,S4,STATIC,72.0,58.0,70.0,84.0,71.0,C,sashimi_new36_4axis_scores.csv,forensic_4axis_audit,audit_avg=80.5;p0=0;p1=3;p2=3
sashimi_new36,SasJpImportYen,엔저가 가른 일본 참치 수입 (買い負け),S4,STATIC,71.0,85.0,63.0,87.0,76.5,B,sashimi_new36_4axis_scores.csv,forensic_4axis_audit,audit_avg=77.25;p0=0;p1=3;p2=3
sashimi_new36,SasKrAccessQuota,한국 원양 태평양 입어료(VDS) 압박,S1,STATIC,80.0,70.0,62.0,88.0,75.0,C,sashimi_new36_4axis_scores.csv,forensic_4axis_audit,audit_avg=83.0;p0=0;p1=4;p2=3
sashimi_new36,SasKrByproduct,한국 참치 가공수율 & 부산물 밸류업 격차,S2,STATIC,58.0,80.0,42.0,82.0,65.5,C,sashimi_new36_4axis_scores.csv,forensic_4axis_audit,audit_avg=77.0;p0=0;p1=4;p2=3
sashimi_new36,SasKrDualRoute,한국 두 경로 분기 (태국 원물 vs 영국 직수출),S4,STATIC,66.0,70.0,58.0,82.0,69.0,D,sashimi_new36_4axis_scores.csv,forensic_4axis_audit,audit_avg=73.0;p0=0;p1=3;p2=3
sashimi_new36,SasKrFleetEconomics,한국 원양 참치 선단 — 노후화·인력 리스크,S1,STATIC,74.0,54.0,70.0,80.0,69.5,C,sashimi_new36_4axis_scores.csv,forensic_4axis_audit,audit_avg=81.0;p0=0;p1=3;p2=2
sashimi_new36,SasKrSuperTuna,동원산업 '슈퍼튜나' — 선망 어획 횟감 업그레이드,S2,STATIC,74.0,28.0,62.0,85.0,62.25,D,sashimi_new36_4axis_scores.csv,forensic_4axis_audit,audit_avg=60.25;p0=0;p1=0;p2=3
sashimi_new36,SasOlCellBased,세포배양·대체 참치 2030 — 파괴적 위협,S5,STATIC,82.0,85.0,80.0,85.0,83.0,B+,sashimi_new36_4axis_scores.csv,forensic_4axis_audit,audit_avg=86.5;p0=0;p1=2;p2=3
sashimi_new36,SasOlClimateMigration,기후 어장 이동 — 가다랑어 동·극지 대이동,S5,STATIC,90.0,68.0,86.0,73.0,79.0,B,sashimi_new36_4axis_scores.csv,forensic_4axis_audit,audit_avg=83.0;p0=0;p1=2;p2=4
sashimi_new36,SasPrAuctionDirect,경매 가격발견 vs 직거래 부두값,S4,STATIC,74.0,58.0,72.0,88.0,59.75,F,sashimi_new36_4axis_scores.csv,forensic_4axis_audit,audit_avg=73.0;p0=0;p1=4;p2=3
sashimi_new36,SasPrGradeBySpecies,어종별 사시미 등급 결정 요인,S4,STATIC,53.0,80.0,44.0,80.0,64.25,C,sashimi_new36_4axis_scores.csv,forensic_4axis_audit,audit_avg=69.5;p0=0;p1=2;p2=2
sashimi_new36,SasPrGradeSystem,참치 사시미 등급 체계 (#1~#3),S4,STATIC,74.0,72.0,74.0,85.0,76.25,C,sashimi_new36_4axis_scores.csv,forensic_4axis_audit,audit_avg=69.5;p0=0;p1=1;p2=3
shrimp,-,FTA 새우 분기별 수입 동향 (KMI 21개 분기),S3,,90.0,95.0,80.0,100.0,91.2,A,shrimp_4axis_scores.csv,forensic_4axis_audit,
shrimp,-,수생태계 메가트렌드 (1970-2022),,,55.0,40.0,40.0,40.0,43.8,D,shrimp_4axis_scores.csv,forensic_4axis_audit,
shrimp,-,어획(Capture) vs 양식(Aqua) 크로스오버,,,55.0,40.0,40.0,40.0,43.8,D,shrimp_4axis_scores.csv,forensic_4axis_audit,
shrimp,-,새우 양식업 본질가치(Value) 성장,,,55.0,40.0,40.0,40.0,43.8,D,shrimp_4axis_scores.csv,forensic_4axis_audit,
shrimp,-,양식 침투율(Aquaculture Share),,,55.0,40.0,40.0,40.0,43.8,D,shrimp_4axis_scores.csv,forensic_4axis_audit,
shrimp,-,글로벌 생산 Top 10 국가,,,55.0,40.0,40.0,40.0,43.8,D,shrimp_4axis_scores.csv,forensic_4axis_audit,
shrimp,-,글로벌 양식업 Top 10 기지,,,55.0,40.0,40.0,40.0,43.8,D,shrimp_4axis_scores.csv,forensic_4axis_audit,
shrimp,-,자연산 어획 잔존 세력 Top 10,,,55.0,40.0,40.0,40.0,43.8,D,shrimp_4axis_scores.csv,forensic_4axis_audit,
shrimp,-,양식업 부가가치 창출 Top 10,,,55.0,40.0,40.0,40.0,43.8,D,shrimp_4axis_scores.csv,forensic_4axis_audit,
shrimp,-,자연산 어획량 정체 한계선(Ceiling),,,55.0,40.0,40.0,40.0,43.8,D,shrimp_4axis_scores.csv,forensic_4axis_audit,
shrimp,-,글로벌 생산 SCM 집중도 (HHI Index),,,55.0,40.0,40.0,40.0,43.8,D,shrimp_4axis_scores.csv,forensic_4axis_audit,
shrimp,-,수출입 물동량 롱텀 트렌드,,,55.0,40.0,40.0,40.0,43.8,D,shrimp_4axis_scores.csv,forensic_4axis_audit,
shrimp,-,무역 거래대금 롱텀 트렌드,,,55.0,40.0,40.0,40.0,43.8,D,shrimp_4axis_scores.csv,forensic_4axis_audit,
shrimp,-,최근 5개년 무역 물동량,,,55.0,40.0,40.0,40.0,43.8,D,shrimp_4axis_scores.csv,forensic_4axis_audit,
shrimp,-,최근 5개년 무역 달러 규모,,,55.0,40.0,40.0,40.0,43.8,D,shrimp_4axis_scores.csv,forensic_4axis_audit,
shrimp,-,글로벌 수출 물량 Top 10,,,55.0,40.0,40.0,40.0,43.8,D,shrimp_4axis_scores.csv,forensic_4axis_audit,
shrimp,-,글로벌 수입 물량 Top 10,,,55.0,40.0,40.0,40.0,43.8,D,shrimp_4axis_scores.csv,forensic_4axis_audit,
shrimp,-,글로벌 수출 달러 파워 Top 10,,,55.0,40.0,40.0,40.0,43.8,D,shrimp_4axis_scores.csv,forensic_4axis_audit,
shrimp,-,글로벌 수입 지출 달러 파워 랭킹,,,55.0,40.0,40.0,40.0,43.8,D,shrimp_4axis_scores.csv,forensic_4axis_audit,
shrimp,-,주요 국가간 무역수지(Surplus) 흑적자 현황,,,55.0,40.0,40.0,40.0,43.8,D,shrimp_4axis_scores.csv,forensic_4axis_audit,
shrimp,-,무역 팽창 엔진 (CAGR 속도계),,,55.0,40.0,40.0,40.0,43.8,D,shrimp_4axis_scores.csv,forensic_4axis_audit,
shrimp,-,한국 새우 연간 수입 톤수 추이,,,55.0,40.0,40.0,40.0,43.8,D,shrimp_4axis_scores.csv,forensic_4axis_audit,
shrimp,-,대한민국 자급률 (Self-sufficiency),,,55.0,40.0,40.0,40.0,43.8,D,shrimp_4axis_scores.csv,forensic_4axis_audit,
shrimp,-,한국 수입 도입 단가 경쟁력 갭,,,55.0,40.0,40.0,40.0,43.8,D,shrimp_4axis_scores.csv,forensic_4axis_audit,
shrimp,-,동북아 새우 소비 라이벌 타격전,,,55.0,40.0,40.0,40.0,43.8,D,shrimp_4axis_scores.csv,forensic_4axis_audit,
shrimp,-,한국 수입 3단계 인플렉션(Inflection),,,55.0,40.0,40.0,40.0,43.8,D,shrimp_4axis_scores.csv,forensic_4axis_audit,
shrimp,-,국내 소비 믹스(Consumption Mix),,,55.0,40.0,40.0,40.0,43.8,D,shrimp_4axis_scores.csv,forensic_4axis_audit,
shrimp,-,FTA 무관세 파괴력 베네핏 뷰어,,,55.0,40.0,40.0,40.0,43.8,D,shrimp_4axis_scores.csv,forensic_4axis_audit,
shrimp,-,Korea Premium 단가 페널티 추적,,,55.0,40.0,40.0,40.0,43.8,D,shrimp_4axis_scores.csv,forensic_4axis_audit,
shrimp,-,한국 새우 무역수지(Trade Balance),,,55.0,40.0,40.0,40.0,43.8,D,shrimp_4axis_scores.csv,forensic_4axis_audit,
shrimp,-,한국 경제성장률 대비 수입 팽창 속도,,,55.0,40.0,40.0,40.0,43.8,D,shrimp_4axis_scores.csv,forensic_4axis_audit,
shrimp,-,수출국별 최종 인도(FOB) 단가 갭,,,55.0,40.0,40.0,40.0,43.8,D,shrimp_4axis_scores.csv,forensic_4axis_audit,
shrimp,-,현지 양식장 출하(Gate) 원가 지표,,,55.0,40.0,40.0,40.0,43.8,D,shrimp_4axis_scores.csv,forensic_4axis_audit,
shrimp,-,글로벌 기준선(Benchmark) 단가 사이클,,,55.0,40.0,40.0,40.0,43.8,D,shrimp_4axis_scores.csv,forensic_4axis_audit,
shrimp,-,동일 사이즈 원산지별 출하가 배틀,,,55.0,40.0,40.0,40.0,43.8,D,shrimp_4axis_scores.csv,forensic_4axis_audit,
shrimp,-,가공 심화도(Value-Add) 마진 폭발 차트,,,55.0,40.0,40.0,40.0,43.8,D,shrimp_4axis_scores.csv,forensic_4axis_audit,
shrimp,-,단가 하락장(Down Cycle) 트렌드 캐쳐,,,55.0,40.0,40.0,40.0,43.8,D,shrimp_4axis_scores.csv,forensic_4axis_audit,
shrimp,-,사료(어분/Fishmeal)가 vs 양식 단가 연동성,,,55.0,40.0,40.0,40.0,43.8,D,shrimp_4axis_scores.csv,forensic_4axis_audit,
shrimp,-,차이나 프랙탈: 폭식과 소화불량의 나비효과,,,55.0,40.0,40.0,40.0,43.8,D,shrimp_4axis_scores.csv,forensic_4axis_audit,
shrimp,-,공정별 부가가치 창출 워터폴(Waterfall),,,55.0,40.0,40.0,40.0,43.8,D,shrimp_4axis_scores.csv,forensic_4axis_audit,
shrimp,-,골든 타임 바텀 피싱(Bottom Fishing) 인디케이터,,,55.0,40.0,40.0,40.0,43.8,D,shrimp_4axis_scores.csv,forensic_4axis_audit,
shrimp,-,가공식품화(Processing) 퀀텀 점프 지수,,,55.0,40.0,40.0,40.0,43.8,D,shrimp_4axis_scores.csv,forensic_4axis_audit,
shrimp,-,공장제 가공 파워보드 Top 10,,,55.0,40.0,40.0,40.0,43.8,D,shrimp_4axis_scores.csv,forensic_4axis_audit,
shrimp,-,단순 채취 vs 공장 세탁 비율(Ratio),,,55.0,40.0,40.0,40.0,43.8,D,shrimp_4axis_scores.csv,forensic_4axis_audit,
shrimp,-,글로벌 벨류체인 수직계열화(Vertical) 독주,,,55.0,40.0,40.0,40.0,43.8,D,shrimp_4axis_scores.csv,forensic_4axis_audit,
shrimp,-,EMS/WSSV 질병 아포칼립스 경보,,,55.0,40.0,40.0,40.0,43.8,D,shrimp_4axis_scores.csv,forensic_4axis_audit,
shrimp,-,엘니뇨(El Nino) 기후 재난 방정식,,,55.0,40.0,40.0,40.0,43.8,D,shrimp_4axis_scores.csv,forensic_4axis_audit,
shrimp,-,신라교역 소싱 트라이앵글 작전판,,,55.0,40.0,40.0,40.0,43.8,D,shrimp_4axis_scores.csv,forensic_4axis_audit,
shrimp,-,자동화 프로세싱 허브(Hub) 셋업 ROI,,,55.0,40.0,40.0,40.0,43.8,D,shrimp_4axis_scores.csv,forensic_4axis_audit,
shrimp,-,엔드-투-엔드(E2E) 이윤 귀속 분해도,,,55.0,40.0,40.0,40.0,43.8,D,shrimp_4axis_scores.csv,forensic_4axis_audit,
shrimp,-,신라교역 새우 유니버스 장악 스코어카드,,,55.0,40.0,40.0,40.0,43.8,D,shrimp_4axis_scores.csv,forensic_4axis_audit,
shrimp,w01_paradigm_shift,새우 생산 패러다임 전환: 양식이 어획을 압도 (1980-2024),,,90.0,75.0,70.0,70.0,76.2,B,shrimp_4axis_scores.csv,forensic_4axis_audit,
shrimp,w02_aqua_value,글로벌 새우 양식 부가가치 창출 곡선 (1984-2024),,,90.0,75.0,70.0,70.0,76.2,B,shrimp_4axis_scores.csv,forensic_4axis_audit,
shrimp,w03_processing,고부가가치 가공(Value-added) 패러다임 전환,,,90.0,75.0,70.0,70.0,76.2,B,shrimp_4axis_scores.csv,forensic_4axis_audit,
shrimp,w04_top10_aqua,새우 양식 생산 Top 10 국가 (2022),,,90.0,75.0,70.0,70.0,76.2,B,shrimp_4axis_scores.csv,forensic_4axis_audit,
shrimp,w05_top10_catch,자연산 어획 자원 독점 Top 10 국가 (2022),,,90.0,75.0,70.0,70.0,76.2,B,shrimp_4axis_scores.csv,forensic_4axis_audit,
shrimp,w06_top10_revenue,글로벌 새우 양식 매출액(Farm-Gate Value) Top 7,,,60.0,75.0,70.0,70.0,68.8,C,shrimp_4axis_scores.csv,forensic_4axis_audit,
shrimp,w07_trade_scaleup,국경 붕괴: 글로벌 무역 대금 스케일업 추이,,,90.0,75.0,70.0,70.0,76.2,B,shrimp_4axis_scores.csv,forensic_4axis_audit,
shrimp,w08_top_exporter,글로벌 새우 수출 패권 리더보드 Top 10,,,60.0,75.0,70.0,70.0,68.8,C,shrimp_4axis_scores.csv,forensic_4axis_audit,
shrimp,w09_top_importer,거대 소비 블랙홀(수입) 국가 Top 10,,,60.0,75.0,70.0,70.0,68.8,C,shrimp_4axis_scores.csv,forensic_4axis_audit,
shrimp,w10_kr_import,붕괴된 한반도: 대한민국 절대 수입 의존도,,,90.0,75.0,70.0,70.0,76.2,B,shrimp_4axis_scores.csv,forensic_4axis_audit,
shrimp,w11_kr_deficit,붉어진 지폐: 대한민국 달러 유출 곡선 (적자),,,60.0,75.0,70.0,70.0,68.8,C,shrimp_4axis_scores.csv,forensic_4axis_audit,
shrimp,w12_unit_price,최상위 마진 트렌드: 단위당 프리미엄 상승,,,90.0,75.0,70.0,70.0,76.2,B,shrimp_4axis_scores.csv,forensic_4axis_audit,
shrimp,w13,초격차 독주: 에콰도르 수출 스케일업 장기 시계열,,,60.0,75.0,70.0,70.0,68.8,C,shrimp_4axis_scores.csv,forensic_4axis_audit,
shrimp,w14,블랙홀 제국: 중국의 초저가 매수 및 재수출 마크업,,,60.0,75.0,70.0,70.0,68.8,C,shrimp_4axis_scores.csv,forensic_4axis_audit,
shrimp,w15,종자 패러다임 전환: 타이거새우 vs 흰다리새우 생산 곡선,,,90.0,75.0,70.0,70.0,76.2,B,shrimp_4axis_scores.csv,forensic_4axis_audit,
shrimp,w16,가공도 패권: 국가별 수출 단가 계층 구조,,,60.0,75.0,70.0,70.0,68.8,C,shrimp_4axis_scores.csv,forensic_4axis_audit,
shrimp,w17,구조적 무역 적자: 대한민국 새우 수입-수출 격차 추세,,,60.0,75.0,70.0,70.0,68.8,C,shrimp_4axis_scores.csv,forensic_4axis_audit,
shrimp,w18,가공 생태계 패권: 글로벌 가공 생산량 5강 추이,,,60.0,75.0,70.0,70.0,68.8,C,shrimp_4axis_scores.csv,forensic_4axis_audit,
shrimp,w19_hyperspectral,초정밀 탈각 가공(Value-Add) 심화도별 글로벌 수출 단가 워터폴,,,60.0,75.0,70.0,70.0,68.8,C,shrimp_4axis_scores.csv,forensic_4axis_audit,
shrimp,w20_fcr_80,급여 패러다임 붕괴: 사료요구율 개선 및 바이오플락 최적화,,,60.0,75.0,70.0,70.0,68.8,C,shrimp_4axis_scores.csv,forensic_4axis_audit,
shrimp,w21_peeling_esg,ESG 리스크 발동: 인도·베트남 인건비 폭등 및 단가 역전,,,60.0,75.0,70.0,70.0,68.8,C,shrimp_4axis_scores.csv,forensic_4axis_audit,
shrimp,w22_microalgae,집약화의 역설(폐사율 50%)과 미세조류 사료 혁신,,,90.0,75.0,70.0,70.0,76.2,B,shrimp_4axis_scores.csv,forensic_4axis_audit,
shrimp,w_raw1_production_trend,글로벌 새우 생산량 추이 (2015-2024),,,90.0,75.0,70.0,70.0,76.2,B,shrimp_4axis_scores.csv,forensic_4axis_audit,
shrimp,w_raw2_unit_price,주요 양식국 톤당 원가 경쟁력 (2025),,,60.0,75.0,70.0,70.0,68.8,C,shrimp_4axis_scores.csv,forensic_4axis_audit,
shrimp,w_proc1_type_production,가공형태별 글로벌 새우 생산량 (2022),,,90.0,75.0,70.0,70.0,76.2,B,shrimp_4axis_scores.csv,forensic_4axis_audit,
shrimp,w_proc2_kr_import_type,한국 수입 가공형태별 구성 (2022),,,90.0,75.0,70.0,70.0,76.2,B,shrimp_4axis_scores.csv,forensic_4axis_audit,
shrimp,w_log1_spot_price,글로벌 새우 국제 스팟 가격 추이 (2010-2023),,,60.0,75.0,70.0,70.0,68.8,C,shrimp_4axis_scores.csv,forensic_4axis_audit,
shrimp,w_log2_kr_sourcing,한국 새우 수입 소싱국 변화 (2019-2023),,,85.0,75.0,70.0,40.0,67.5,C,shrimp_4axis_scores.csv,forensic_4axis_audit,
shrimp,w_log3_kr_import_value,한국 새우 수입 금액 추이 (2000-2023),,,90.0,75.0,70.0,70.0,76.2,B,shrimp_4axis_scores.csv,forensic_4axis_audit,
shrimp,w_sales1_commodity_unit_price,가공형태별 글로벌 수입 단가 비교 (2022),,,60.0,75.0,70.0,70.0,68.8,C,shrimp_4axis_scores.csv,forensic_4axis_audit,
shrimp,w_sales2_exporter_trend,주요 수출국별 새우 수출액 추이,,,90.0,75.0,70.0,70.0,76.2,B,shrimp_4axis_scores.csv,forensic_4axis_audit,
shrimp,w_esg1_compliance,주요 양식국 ESG 지속가능성 스코어카드,,,60.0,75.0,70.0,70.0,68.8,C,shrimp_4axis_scores.csv,forensic_4axis_audit,
shrimp,w_esg2_supply_risk,새우 공급망 단계별 ESG 리스크 매트릭스,,,60.0,75.0,70.0,70.0,68.8,C,shrimp_4axis_scores.csv,forensic_4axis_audit,
shrimp,w42_format_shift,B2C 소비재 포맷 시프트,,,60.0,75.0,70.0,70.0,68.8,C,shrimp_4axis_scores.csv,forensic_4axis_audit,
shrimp,w43_feed_inflation,양식 사료 인플레이션 타격,,,60.0,75.0,70.0,70.0,68.8,C,shrimp_4axis_scores.csv,forensic_4axis_audit,
shrimp,w44_ems_margin,EMS 질병 리스크 & 태국 새우 양식 마진 붕괴,,,60.0,75.0,70.0,70.0,68.8,C,shrimp_4axis_scores.csv,forensic_4axis_audit,
shrimp,w45_export_vuln,에콰도르-중국 FTA 발효 & 아시아 새우 수출 점유율 침식,,,60.0,75.0,70.0,70.0,68.8,C,shrimp_4axis_scores.csv,forensic_4axis_audit,
shrimp,w46_ecuador_dominance,에콰도르 공급 독점 및 아시아의 퇴조 (2020-2024),,,60.0,75.0,70.0,70.0,68.8,C,shrimp_4axis_scores.csv,forensic_4axis_audit,
shrimp,w47_tariff_paradox,미국 반덤핑 관세의 역설 (2024),,,60.0,75.0,70.0,70.0,68.8,C,shrimp_4axis_scores.csv,forensic_4axis_audit,
shrimp,w48_vaccine_priming,경구 백신 상용화와 질병 리스크 헤징,,,60.0,75.0,70.0,70.0,68.8,C,shrimp_4axis_scores.csv,forensic_4axis_audit,
shrimp,w49_black_tiger_revival,고마진 블랙타이거의 귀환과 허브화,,,60.0,75.0,70.0,70.0,68.8,C,shrimp_4axis_scores.csv,forensic_4axis_audit,
shrimp,w50_kfas_bft_pathogen,바이오플락 양식 병원체 모니터링: 국내 새우 양식 안전성 포렌식,,,60.0,75.0,70.0,70.0,68.8,C,shrimp_4axis_scores.csv,forensic_4axis_audit,
shrimp,w51_kfas_silymarin_feed,Silymarin 기능성 사료: 성장 +17.2% · 면역력 +37.8% 최적 배합,,,60.0,75.0,70.0,70.0,68.8,C,shrimp_4axis_scores.csv,forensic_4axis_audit,
shrimp,w52_kfas_duplex_pcr,AHPND+EHP 동시 진단 PCR: 양식 조기경보 인프라 혁신,,,60.0,75.0,70.0,70.0,68.8,C,shrimp_4axis_scores.csv,forensic_4axis_audit,
shrimp,w53_kfas_3d_printed_shrimp,3D 프린팅 대체 새우: 명태 수리미 기반 차세대 시장 파괴자,,,60.0,75.0,70.0,70.0,68.8,C,shrimp_4axis_scores.csv,forensic_4axis_audit,
shrimp,w_shrimp_price_forecast,AI 가격 예측: 3개월 새우 수입단가 전망 (VAR 모형),,,90.0,40.0,70.0,70.0,67.5,C,shrimp_4axis_scores.csv,forensic_4axis_audit,
shrimp,w_shrimp_macro_dashboard,거시경제 환경 실시간 대시보드,,,90.0,40.0,70.0,70.0,67.5,C,shrimp_4axis_scores.csv,forensic_4axis_audit,
shrimp,w_shrimp_sourcing_sim,국가별 착지원가 실시간 비교 시뮬레이터,,,90.0,40.0,70.0,70.0,67.5,C,shrimp_4axis_scores.csv,forensic_4axis_audit,
shrimp,w_shrimp_concentration_risk,소싱 편중도 레이더 (HHI 지수),,,60.0,40.0,70.0,70.0,60.0,D,shrimp_4axis_scores.csv,forensic_4axis_audit,
shrimp,w_shrimp_substitute_elasticity,수입새우-국산 흰다리 대체탄력성 분석,,,90.0,75.0,70.0,70.0,76.2,B,shrimp_4axis_scores.csv,forensic_4axis_audit,
shrimp,w_shrimp_ntb_radar,통상 규제 NTB 리스크 신호등,,,60.0,40.0,70.0,70.0,60.0,D,shrimp_4axis_scores.csv,forensic_4axis_audit,
shrimp,w_shrimp_antibiotic_tracker,국가별 새우 잔류 항생제 검출률,,,90.0,40.0,70.0,70.0,67.5,C,shrimp_4axis_scores.csv,forensic_4axis_audit,
shrimp,w_shrimp_sps_alert,WTO SPS 통보 기반 규제 변동 알림,,,60.0,40.0,70.0,70.0,60.0,D,shrimp_4axis_scores.csv,forensic_4axis_audit,
shrimp,w_shrimp_forced_labor_map,국가별 강제노동 리스크 히트맵,,,90.0,75.0,70.0,70.0,76.2,B,shrimp_4axis_scores.csv,forensic_4axis_audit,
shrimp,w_shrimp_mangrove_index,양식국별 맹그로브 파괴 지수,,,60.0,70.0,70.0,70.0,67.5,C,shrimp_4axis_scores.csv,forensic_4axis_audit,
shrimp,w_shrimp_cert_tracker,글로벌 새우 양식 인증 획득률 추적,,,60.0,75.0,70.0,70.0,68.8,C,shrimp_4axis_scores.csv,forensic_4axis_audit,
shrimp,w_shrimp_chitosan_opportunity,새우 껍질 → 키토산 바이오소재 시장 기회,,,90.0,40.0,70.0,70.0,67.5,C,shrimp_4axis_scores.csv,forensic_4axis_audit,
shrimp,w_shrimp_halal_export,할랄 가공 새우 중동 직수출 기회 매트릭스,,,90.0,70.0,70.0,70.0,75.0,B,shrimp_4axis_scores.csv,forensic_4axis_audit,
shrimp,w_shrimp_rte_format,HMR/RTE 가공품 프리미엄 분석,,,90.0,70.0,70.0,70.0,75.0,B,shrimp_4axis_scores.csv,forensic_4axis_audit,
shrimp,w54_commodity_trap_index,상품화 함정 탈출 지수: 가공도별 마진 비교,,,60.0,95.0,70.0,70.0,73.8,C,shrimp_4axis_scores.csv,forensic_4axis_audit,
shrimp,w55_india_species_shift,인도 종자 전환: 바나메이 급감과 모노돈 복귀,,,60.0,70.0,70.0,70.0,67.5,C,shrimp_4axis_scores.csv,forensic_4axis_audit,
shrimp,w56_trade_diversion_flow,무역 전환 효과: 미국 관세 회피 물량의 한국 유입,,,60.0,40.0,70.0,70.0,60.0,D,shrimp_4axis_scores.csv,forensic_4axis_audit,
shrimp,w57_csddd_readiness,주요 양식국 공급망 실사 준비도 스코어,,,60.0,75.0,70.0,70.0,68.8,C,shrimp_4axis_scores.csv,forensic_4axis_audit,
shrimp,w58_vn_labor_audit,베트남 새우 가공 노동 리스크 대시보드,,,60.0,75.0,70.0,70.0,68.8,C,shrimp_4axis_scores.csv,forensic_4axis_audit,
shrimp,w59_feed_substitute_economics,대체 사료 원료 경제성 비교,,,60.0,75.0,70.0,70.0,68.8,C,shrimp_4axis_scores.csv,forensic_4axis_audit,
shrimp,w60_disease_dx_evolution,양식 질병 진단 기술 진화도,,,60.0,70.0,70.0,70.0,67.5,C,shrimp_4axis_scores.csv,forensic_4axis_audit,
shrimp,w61_hhi_timeseries,한국 새우 소싱 집중도 시계열 추이,,,60.0,40.0,70.0,70.0,60.0,D,shrimp_4axis_scores.csv,forensic_4axis_audit,
shrimp,w62_alt_seafood_disruption,대체 해산물 시장 파괴 시나리오,,,60.0,75.0,70.0,70.0,68.8,C,shrimp_4axis_scores.csv,forensic_4axis_audit,
shrimp,w63_coldwater_shrimp_stock,한류 새우 자원 상태: 북극·북대서양 모니터,,,60.0,75.0,70.0,70.0,68.8,C,shrimp_4axis_scores.csv,forensic_4axis_audit,
shrimp,w64_us_cvd_tariff_matrix,미국 CVD 관세율 매트릭스: 4대 수출국 비교,,,60.0,95.0,70.0,70.0,73.8,C,shrimp_4axis_scores.csv,forensic_4axis_audit,
shrimp,w65_india_seafood_export_trajectory,인도 수산물 수출 성장 궤적: 150억달러 목표,,,60.0,75.0,70.0,70.0,68.8,C,shrimp_4axis_scores.csv,forensic_4axis_audit,
shrimp,w66_vn_shrimp_export_peak,베트남 새우 수출 사상 최고치 달성,,,55.0,95.0,70.0,40.0,65.0,C,shrimp_4axis_scores.csv,forensic_4axis_audit,
shrimp,w67_indo_eu_fta_impact,인도-EU FTA 발효 시 관세 시뮬레이션,,,60.0,95.0,70.0,70.0,73.8,C,shrimp_4axis_scores.csv,forensic_4axis_audit,
shrimp,w68_indonesia_shrimp_associations,인도네시아 새우 업계 핵심 이슈 트래커,,,60.0,95.0,70.0,70.0,73.8,C,shrimp_4axis_scores.csv,forensic_4axis_audit,
shrimp,w69_andhra_pradesh_risk,안드라프라데시 집중 리스크: 인도 새우 공급 취약성,,,60.0,75.0,70.0,70.0,68.8,C,shrimp_4axis_scores.csv,forensic_4axis_audit,
shrimp,w70_tariff_chaos_timeline,미국 관세 혼란 타임라인: 주요 이벤트,,,60.0,75.0,70.0,70.0,68.8,C,shrimp_4axis_scores.csv,forensic_4axis_audit,
squid,components/SquidArbitrageRadar.tsx,오징어 글로벌 마진 레이더 (Squid Arbitrage Radar),S4,,60.0,95.0,95.0,100.0,87.5,A,squid_4axis_scores.csv,forensic_4axis_audit,
squid,components/SquidAreaMap.tsx,해역별 어획량 팽창 지도,S1,,60.0,95.0,80.0,100.0,83.8,B,squid_4axis_scores.csv,forensic_4axis_audit,
squid,components/SquidB2BMarginTracker.tsx,B2B 직납 vs 유통 도매시장 채널수익 비교,S4,,60.0,95.0,55.0,90.0,75.0,B,squid_4axis_scores.csv,forensic_4axis_audit,
squid,components/SquidCPUEProfitability.tsx,실시간 조업 채산성 (CPUE) 트래커,S1,,60.0,95.0,95.0,90.0,85.0,A,squid_4axis_scores.csv,forensic_4axis_audit,
squid,components/SquidClimateRadar.tsx,수온 기반 공급망 스위칭(Switching) 레이더,S1,,60.0,95.0,95.0,90.0,85.0,A,squid_4axis_scores.csv,forensic_4axis_audit,
squid,components/SquidCollapseCountdown.tsx,연대기적 자원 붕괴 카운트다운 (Collapse Trajectory),S1,,60.0,95.0,80.0,100.0,83.8,B,squid_4axis_scores.csv,forensic_4axis_audit,
squid,components/SquidComplianceRisk.tsx,글로벌 ITQ 쿼터 및 IUU 컴플라이언스 리스크 매트릭스,S3,,60.0,95.0,80.0,90.0,81.2,B,squid_4axis_scores.csv,forensic_4axis_audit,
squid,components/SquidDemandDestruction.tsx,거시경제 연동 수산물 대체소비(Demand Destruction) 지표,S4,,60.0,95.0,80.0,100.0,83.8,B,squid_4axis_scores.csv,forensic_4axis_audit,
squid,components/SquidFXHedging.tsx,원-달러 환율 연동 수입/원가 헷징,S3,,60.0,95.0,95.0,90.0,85.0,A,squid_4axis_scores.csv,forensic_4axis_audit,
squid,components/SquidFuelBEP.tsx,유류비 손익분기점(BEP) 트래커,S2,,90.0,95.0,80.0,100.0,91.2,A,squid_4axis_scores.csv,forensic_4axis_audit,
squid,components/SquidGlobalHegemony.tsx,글로벌 어획 패권 블랙홀 (Hegemony Shift),S1,,60.0,95.0,80.0,90.0,81.2,B,squid_4axis_scores.csv,forensic_4axis_audit,
squid,components/SquidImportPortfolio.tsx,한국 오징어 수입 품목 포트폴리오 (2010-2023),S2,,60.0,95.0,80.0,100.0,83.8,B,squid_4axis_scores.csv,forensic_4axis_audit,
squid,components/SquidInventoryRelease.tsx,명절 및 성수기 재고 출회 윈도우(Window),S2,,60.0,95.0,80.0,90.0,81.2,B,squid_4axis_scores.csv,forensic_4axis_audit,
squid,components/SquidKoreaSupply.tsx,한국 오징어 수급 위기 모니터,S1,,60.0,95.0,80.0,100.0,83.8,B,squid_4axis_scores.csv,forensic_4axis_audit,
squid,components/SquidLogisticsOptimizer.tsx,콜드체인 물류·보관료 최적화 데드크로스,S3,,60.0,95.0,80.0,100.0,83.8,B,squid_4axis_scores.csv,forensic_4axis_audit,
squid,components/SquidOriginDiversification.tsx,공급망 리드타임(Lead-Time) 분산 레이더,S3,,60.0,95.0,80.0,100.0,83.8,B,squid_4axis_scores.csv,forensic_4axis_audit,
squid,components/SquidPolicyArbitrage.tsx,관세 및 정책 이벤트 연동 차익거래 (Policy Arbitrage),S3,,60.0,95.0,80.0,90.0,81.2,B,squid_4axis_scores.csv,forensic_4axis_audit,
squid,components/SquidProteinWar.tsx,글로벌 단백질 체급 100% 스택 전쟁 (Protein War),S4,,60.0,95.0,80.0,100.0,83.8,B,squid_4axis_scores.csv,forensic_4axis_audit,
squid,components/SquidQuotaExhaustion.tsx,어획 쿼터(ITQ) 실시간 소진율 마일스톤,S1,,60.0,95.0,95.0,90.0,85.0,A,squid_4axis_scores.csv,forensic_4axis_audit,
squid,components/SquidShrinkflation.tsx,슈링크플레이션 — 글로벌 오징어 공급↓ vs 무역액↑,S4,,60.0,95.0,80.0,100.0,83.8,B,squid_4axis_scores.csv,forensic_4axis_audit,
squid,components/SquidSizePremium.tsx,크기/중량별 시장 프리미엄 지수,S2,,60.0,95.0,80.0,90.0,81.2,B,squid_4axis_scores.csv,forensic_4axis_audit,
squid,components/SquidSubstitutionElasticity.tsx,대왕오징어 대체 탄력성 스위칭(Switch) 지표,S4,,60.0,95.0,80.0,90.0,81.2,B,squid_4axis_scores.csv,forensic_4axis_audit,
squid,components/SquidTab1Widgets.tsx,기후-어획량 상관관계 (해양대기청 ENSO vs 어획량),S1,,60.0,95.0,80.0,100.0,83.8,B,squid_4axis_scores.csv,forensic_4axis_audit,
squid,components/SquidTab1Widgets.tsx,자원 붕괴 카운트다운 오버레이,S1,,60.0,95.0,55.0,100.0,77.5,B,squid_4axis_scores.csv,forensic_4axis_audit,
squid,components/SquidTab1Widgets.tsx,해류 수온 편차 (해수면 온도 편차),S1,,90.0,95.0,95.0,100.0,95.0,A,squid_4axis_scores.csv,forensic_4axis_audit,
squid,components/SquidTab1Widgets.tsx,단백질원별 글로벌 수요 성장률,S4,,60.0,95.0,80.0,100.0,83.8,B,squid_4axis_scores.csv,forensic_4axis_audit,
squid,components/SquidTab1Widgets.tsx,글로벌 두족류 어종별 생산 비중,S1,,60.0,95.0,80.0,100.0,83.8,B,squid_4axis_scores.csv,forensic_4axis_audit,
squid,components/SquidTab1Widgets.tsx,해양보호구역(MPA) 및 조업 축소 시뮬,S1,,60.0,95.0,55.0,100.0,77.5,B,squid_4axis_scores.csv,forensic_4axis_audit,
squid,components/SquidTab1Widgets.tsx,기후 발(發) 군집 이동 위도선 (북상),S1,,60.0,95.0,80.0,100.0,83.8,B,squid_4axis_scores.csv,forensic_4axis_audit,
squid,components/SquidTab1Widgets.tsx,글로벌 어분/사료(Feed) 전락 비율,S2,,60.0,95.0,80.0,100.0,83.8,B,squid_4axis_scores.csv,forensic_4axis_audit,
squid,components/SquidTab1Widgets.tsx,IUU (불법/비보고 조업) 리스크 횟수,S3,,60.0,95.0,95.0,100.0,87.5,A,squid_4axis_scores.csv,forensic_4axis_audit,
squid,components/SquidTab1Widgets.tsx,총허용어획량(TAC) vs 실 조업물량 갭,S1,,60.0,95.0,80.0,100.0,83.8,B,squid_4axis_scores.csv,forensic_4axis_audit,
squid,components/SquidTab2Widgets.tsx,글로벌 어획 패권 블랙홀,S1,,60.0,95.0,80.0,100.0,83.8,B,squid_4axis_scores.csv,forensic_4axis_audit,
squid,components/SquidTab2Widgets.tsx,국가별/어장별 쿼터 소진 속도 (Burn Rate),S1,,90.0,95.0,95.0,100.0,95.0,A,squid_4axis_scores.csv,forensic_4axis_audit,
squid,components/SquidTab2Widgets.tsx,C국 초대형 원양 선단 팽창 다이내믹스,S1,,60.0,95.0,80.0,100.0,83.8,B,squid_4axis_scores.csv,forensic_4axis_audit,
squid,components/SquidTab2Widgets.tsx,연안국(아르헨/페루) 배타적 보호주의 지표,S3,,60.0,95.0,80.0,90.0,81.2,B,squid_4axis_scores.csv,forensic_4axis_audit,
squid,components/SquidTab2Widgets.tsx,등선 마력(HP) 기술력 vs 단위어획량(CPUE),S1,,60.0,95.0,80.0,100.0,83.8,B,squid_4axis_scores.csv,forensic_4axis_audit,
squid,components/SquidTab2Widgets.tsx,무역 흐름(Flow) 블랙홀 경로,S4,,60.0,95.0,80.0,100.0,83.8,B,squid_4axis_scores.csv,forensic_4axis_audit,
squid,components/SquidTab2Widgets.tsx,글로벌 거점 항구 하역 물동량 추이,S3,,60.0,95.0,80.0,100.0,83.8,B,squid_4axis_scores.csv,forensic_4axis_audit,
squid,components/SquidTab2Widgets.tsx,글로벌 임가공 거점 이동 (블랙홀 현상),S2,,60.0,95.0,80.0,100.0,83.8,B,squid_4axis_scores.csv,forensic_4axis_audit,
squid,components/SquidTab2Widgets.tsx,유류 보조금 vs 초과 남획 상관관계,S1,,60.0,95.0,55.0,100.0,77.5,B,squid_4axis_scores.csv,forensic_4axis_audit,
squid,components/SquidTab2Widgets.tsx,탄소 배출 규제(IMO) 한계 비용 교차점,S5,,60.0,95.0,55.0,100.0,77.5,B,squid_4axis_scores.csv,forensic_4axis_audit,
squid,components/SquidTab3Widgets.tsx,한국 연근해 수급 절벽 데드크로스,S1,,60.0,95.0,80.0,100.0,83.8,B,squid_4axis_scores.csv,forensic_4axis_audit,
squid,components/SquidTab3Widgets.tsx,원산지 다변화 허핀달-허쉬만 지수(HHI),S3,,60.0,95.0,80.0,100.0,83.8,B,squid_4axis_scores.csv,forensic_4axis_audit,
squid,components/SquidTab3Widgets.tsx,글로벌 수입산 시장 점유율 고착화 궤적,S4,,60.0,95.0,55.0,100.0,77.5,B,squid_4axis_scores.csv,forensic_4axis_audit,
squid,components/SquidTab3Widgets.tsx,거점별 냉동 컨테이너 리드타임 편차,S3,,60.0,95.0,80.0,100.0,83.8,B,squid_4axis_scores.csv,forensic_4axis_audit,
squid,components/SquidTab3Widgets.tsx,콜드체인 창고 체화량 vs 실제 소비 갭,S3,,60.0,95.0,95.0,100.0,87.5,A,squid_4axis_scores.csv,forensic_4axis_audit,
squid,components/SquidTab3Widgets.tsx,식약처 통관 비관세 장벽 딜레이 리스크,S3,,60.0,95.0,95.0,100.0,87.5,A,squid_4axis_scores.csv,forensic_4axis_audit,
squid,components/SquidTab3Widgets.tsx,상위 수입사(B2B Vendor) 카르텔 지배력,S4,,60.0,95.0,80.0,100.0,83.8,B,squid_4axis_scores.csv,forensic_4axis_audit,
squid,components/SquidTab3Widgets.tsx,B2B 수요 파괴(Demand Destruction) 임계점,S4,,60.0,95.0,95.0,100.0,87.5,A,squid_4axis_scores.csv,forensic_4axis_audit,
squid,components/SquidTab3Widgets.tsx,오징어 수산물가 지수 vs 돈/계육 인플레,S4,,60.0,95.0,80.0,100.0,83.8,B,squid_4axis_scores.csv,forensic_4axis_audit,
squid,components/SquidTab3Widgets.tsx,엔드유저 유통 채널(Channel Mix) 이탈,S4,,60.0,95.0,80.0,100.0,83.8,B,squid_4axis_scores.csv,forensic_4axis_audit,
squid,components/SquidTab4Widgets.tsx,원산지별 C&F 수입 단가 스프레드 수렴,S4,,60.0,95.0,95.0,100.0,87.5,A,squid_4axis_scores.csv,forensic_4axis_audit,
squid,components/SquidTab4Widgets.tsx,제품량 삭감(Shrinkflation) 실중량 추적기,S4,,60.0,95.0,80.0,100.0,83.8,B,squid_4axis_scores.csv,forensic_4axis_audit,
squid,components/SquidTab4Widgets.tsx,글로벌 정책/비관세 우회 가공 무역 차익,S3,,60.0,95.0,80.0,100.0,83.8,B,squid_4axis_scores.csv,forensic_4axis_audit,
squid,components/SquidTab4Widgets.tsx,대형어 vs 소형어 사이즈 프리미엄 스퀴즈,S2,,60.0,95.0,80.0,100.0,83.8,B,squid_4axis_scores.csv,forensic_4axis_audit,
squid,components/SquidTab4Widgets.tsx,환율 민감도 연동 원가 헷징 레벨,S3,,60.0,95.0,95.0,100.0,87.5,A,squid_4axis_scores.csv,forensic_4axis_audit,
squid,components/SquidTab4Widgets.tsx,가공 단계별 부가가치 전가 스프레드,S2,,60.0,95.0,80.0,100.0,83.8,B,squid_4axis_scores.csv,forensic_4axis_audit,
squid,components/SquidTab4Widgets.tsx,WTI 유가 / BDI 연동 해상 물류비 프리미엄,S3,,60.0,95.0,95.0,100.0,87.5,A,squid_4axis_scores.csv,forensic_4axis_audit,
squid,components/SquidTab4Widgets.tsx,대왕오징어(훔볼트) 원가 퀀텀 점프 가속도,S1,,60.0,95.0,80.0,100.0,83.8,B,squid_4axis_scores.csv,forensic_4axis_audit,
squid,components/SquidTab4Widgets.tsx,사전 선도계약(Forward) vs 스팟 펌핑 스프레드,S4,,60.0,95.0,80.0,100.0,83.8,B,squid_4axis_scores.csv,forensic_4axis_audit,
squid,components/SquidTab4Widgets.tsx,가격 상승폭 대비 레시피 대체 탄력성(Elasticity),S4,,60.0,95.0,80.0,100.0,83.8,B,squid_4axis_scores.csv,forensic_4axis_audit,
squid,components/SquidTab5Widgets.tsx,선단 운영 유류비 손익분기점(BEP) 임계선,S1,,60.0,95.0,95.0,100.0,87.5,A,squid_4axis_scores.csv,forensic_4axis_audit,
squid,components/SquidTab5Widgets.tsx,중간 도매상(Middlemen) 마진 붕괴 궤적,S4,,60.0,95.0,80.0,100.0,83.8,B,squid_4axis_scores.csv,forensic_4axis_audit,
squid,components/SquidTab5Widgets.tsx,밸류체인 스텝별 폭포수(Waterfall) 마진 분배,S4,,60.0,95.0,80.0,100.0,83.8,B,squid_4axis_scores.csv,forensic_4axis_audit,
squid,components/SquidTab5Widgets.tsx,존버 실패: 보관료 누적 vs 시세 차익 데드크로스,S3,,60.0,95.0,80.0,100.0,83.8,B,squid_4axis_scores.csv,forensic_4axis_audit,
squid,components/SquidTab5Widgets.tsx,물코기(Glazing) 수율 조작에 따른 손실 백테스트,S2,,60.0,95.0,80.0,100.0,83.8,B,squid_4axis_scores.csv,forensic_4axis_audit,
squid,components/SquidTab5Widgets.tsx,인건비 폭동 vs 스마트(H&G 자동화) 기기 도입 ROI,S2,,60.0,95.0,55.0,100.0,77.5,B,squid_4axis_scores.csv,forensic_4axis_audit,
squid,components/SquidTab5Widgets.tsx,B2B 식자재 타겟 영업 채널 조합 트래커,S4,,60.0,95.0,80.0,100.0,83.8,B,squid_4axis_scores.csv,forensic_4axis_audit,
squid,components/SquidTab5Widgets.tsx,조업일 당 순수익 (OP per Sea-Day) 마일스톤,S1,,60.0,95.0,95.0,100.0,87.5,A,squid_4axis_scores.csv,forensic_4axis_audit,
squid,components/SquidTab5Widgets.tsx,재고 회전율 악성 경보 지연,S2,,60.0,95.0,95.0,100.0,87.5,A,squid_4axis_scores.csv,forensic_4axis_audit,
squid,components/SquidTab5Widgets.tsx,B2B 거래처 현금 회수기일(DSO) 모니터링,S4,,60.0,95.0,95.0,100.0,87.5,A,squid_4axis_scores.csv,forensic_4axis_audit,
squid,components/SquidTradeMatrix.tsx,"글로벌 오징어 무역 매트릭스 (2023, Top 15)",S4,,60.0,95.0,80.0,100.0,83.8,B,squid_4axis_scores.csv,forensic_4axis_audit,
squid,components/SquidUnitPrice.tsx,주요국 오징어 수출 평균 단가 추이 (2000-2023),S4,,60.0,95.0,80.0,100.0,83.8,B,squid_4axis_scores.csv,forensic_4axis_audit,
squid,components/SquidValueChainMargin.tsx,페루산 가공 수직계열화 마진 추적기,S2,,60.0,95.0,80.0,100.0,83.8,B,squid_4axis_scores.csv,forensic_4axis_audit,
squid,components/SquidValueChainWidgets.tsx,VC 1: 조업 및 어장 특성 (Fishing),?,,60.0,60.0,70.0,70.0,65.0,C,squid_4axis_scores.csv,forensic_4axis_audit,
squid,components/SquidValueChainWidgets.tsx,VC 2: 가공 난이도 및 수율 (Processing),?,,60.0,60.0,70.0,70.0,65.0,C,squid_4axis_scores.csv,forensic_4axis_audit,
squid,components/SquidValueChainWidgets.tsx,VC 3: B2B/B2C 제품 포지셔닝 (Product),?,,60.0,60.0,70.0,70.0,65.0,C,squid_4axis_scores.csv,forensic_4axis_audit,
squid,components/SquidValueChainWidgets.tsx,VC 4: 글로벌 콜드체인 볼륨 (Logistics),?,,60.0,60.0,70.0,70.0,65.0,C,squid_4axis_scores.csv,forensic_4axis_audit,
squid,components/SquidValueChainWidgets.tsx,VC 5: 가격 구조 및 전략 마진 (Market Strategy),?,,60.0,60.0,70.0,70.0,65.0,C,squid_4axis_scores.csv,forensic_4axis_audit,
squid,components/SquidWinnersLosers.tsx,최근 10년의 승자와 패자 (2014 vs 2024),S1,,60.0,95.0,80.0,100.0,83.8,B,squid_4axis_scores.csv,forensic_4axis_audit,
squid,w1_catch_powers,동아시아 3국 어획량 트라이앵글 붕괴 — 한·중·일 역학조사,?,,90.0,70.0,70.0,100.0,82.5,B,squid_4axis_scores.csv,forensic_4axis_audit,
squid,w2_korea_supply,대한민국 오징어 자급률 붕괴 — 국가 식량안보 위기 (2000-2025),?,,90.0,60.0,70.0,100.0,80.0,B,squid_4axis_scores.csv,forensic_4axis_audit,
squid,w3_jumbo_flying,대왕(훔볼트) 오징어 글로벌 지배력 — 저가 대체재의 부상 (1990-2024),?,,90.0,60.0,70.0,100.0,80.0,B,squid_4axis_scores.csv,forensic_4axis_audit,
squid,w4_unit_price,글로벌 상위 5개국 평균 수출 단가 — 원물 가격 폭등 지수 ($/톤),?,,90.0,60.0,70.0,100.0,80.0,B,squid_4axis_scores.csv,forensic_4axis_audit,
squid,w5_top_importers,"글로벌 5대 수입 블랙홀 — 주요국 수입액 및 의존도 (USD 1,000)",?,,90.0,40.0,70.0,100.0,75.0,B,squid_4axis_scores.csv,forensic_4axis_audit,
squid,w6_species_pie,글로벌 주요 오징어 종별 어획 비중 — 훔볼트 오징어의 부상 (상위 5종),?,,90.0,70.0,70.0,90.0,80.0,B,squid_4axis_scores.csv,forensic_4axis_audit,
squid,w7_korea_category,"대한민국 오징어 수입 포트폴리오 — 고부가가치 가공 시장의 성장 (USD 1,000)",?,,90.0,60.0,70.0,100.0,80.0,B,squid_4axis_scores.csv,forensic_4axis_audit,
squid,w8_china_export,중국 오징어 수출 독점 수익 — 원양 선단 지배력 팽창 (1990-2023),?,,90.0,60.0,70.0,100.0,80.0,B,squid_4axis_scores.csv,forensic_4axis_audit,
squid,w9_trade_deficit,세계 오징어 순수입 적자 랭킹 — 무역수지 불균형 TOP 5,?,,90.0,60.0,70.0,90.0,77.5,B,squid_4axis_scores.csv,forensic_4axis_audit,
squid,w10_processed_dominance,원양 한계 돌파 — 글로벌 2차 가공 패권 (2000-2023),?,,90.0,60.0,70.0,100.0,80.0,B,squid_4axis_scores.csv,forensic_4axis_audit,
squid,w11_no_aquaculture,양식 불가의 리스크 — 100% 기후 의존성 증명,?,,90.0,60.0,70.0,100.0,80.0,B,squid_4axis_scores.csv,forensic_4axis_audit,
squid,w12_ax_fishing,원양 선단 노후화 및 신조선 투자 ROI — M&A 실사 기반 CAPEX 분석,?,,90.0,75.0,70.0,100.0,83.8,B,squid_4axis_scores.csv,forensic_4axis_audit,
squid,w13,"태국의 오징어 연금술 — 수입 $2,741 → 수출 $7,995",?,,90.0,60.0,70.0,100.0,80.0,B,squid_4axis_scores.csv,forensic_4axis_audit,
squid,w14,한국 수입 원산지 집중도 — 중국+페루 76% 양국 종속,?,,90.0,60.0,70.0,100.0,80.0,B,squid_4axis_scores.csv,forensic_4axis_audit,
squid,w15,"일본의 침묵의 붕괴 — 어획량 97% 소멸, 적자 $728M",?,,90.0,70.0,70.0,100.0,82.5,B,squid_4axis_scores.csv,forensic_4axis_audit,
squid,w16,"포클랜드 — 인구 3,800명의 오징어 슈퍼파워",?,,90.0,60.0,70.0,100.0,80.0,B,squid_4axis_scores.csv,forensic_4axis_audit,
squid,w17,페루의 냉동 제국 — 가공의 95%가 단순 냉동,?,,90.0,60.0,70.0,100.0,80.0,B,squid_4axis_scores.csv,forensic_4axis_audit,
squid,w18,동아시아 vs 남미 — 오징어 패권 대이동,?,,90.0,60.0,70.0,100.0,80.0,B,squid_4axis_scores.csv,forensic_4axis_audit,
squid,w25_squid_chitosan_biomaterial,오징어 부산물(폐기물)의 딥테크 혁명 — 400% 초과 마진의 비밀,?,,60.0,70.0,70.0,100.0,75.0,B,squid_4axis_scores.csv,forensic_4axis_audit,
squid,w26_squid_ai_jigging_fuel,선민수산 원양채낚기 연료비 구조와 LED 전환 경제성,?,,90.0,75.0,65.0,100.0,82.5,B,squid_4axis_scores.csv,forensic_4axis_audit,
squid,w27_squid_climate_geopolitics,엘니뇨-라니냐 시프트 — 해양 영토를 넘나드는 기후 지정학 아비트리지,?,,90.0,60.0,70.0,100.0,80.0,B,squid_4axis_scores.csv,forensic_4axis_audit,
squid,w28_falkland_waterfall,선민수산 수익성 폭포수 (2025 실제 제조원가 반영),?,,90.0,75.0,75.0,100.0,85.0,A,squid_4axis_scores.csv,forensic_4axis_audit,
squid,w29_capex_shock,2029년 환경 규제에 따른 현금흐름 쇼크,?,,60.0,60.0,70.0,100.0,72.5,C,squid_4axis_scores.csv,forensic_4axis_audit,
squid,w30_business_model,ITQ 합작 관세 폭탄 vs 유통 상사 전환 마진,?,,90.0,60.0,70.0,100.0,80.0,B,squid_4axis_scores.csv,forensic_4axis_audit,
squid,w31_eu_squid_supply_shock,EU 오징어 수입량 60% 붕괴,?,,60.0,75.0,70.0,100.0,76.2,B,squid_4axis_scores.csv,forensic_4axis_audit,
squid,w32_eu_squid_price_tier,EU 수입 오징어 단가(EUR/kg) 양극화 현상,?,,90.0,60.0,70.0,100.0,80.0,B,squid_4axis_scores.csv,forensic_4axis_audit,
squid,w33_eu_first_sale_spread,EU 위판장 오징어 품종별 단가 스프레드,?,,90.0,75.0,70.0,100.0,83.8,B,squid_4axis_scores.csv,forensic_4axis_audit,
squid,w34_value_add_funnel,오징어 유통 마진 (Value-Chain Arbitrage),?,,90.0,60.0,70.0,100.0,80.0,B,squid_4axis_scores.csv,forensic_4axis_audit,
squid,w35_spain_trade_hub,유럽 오징어 밸류체인 블랙홀 — 스페인,?,,60.0,60.0,70.0,100.0,72.5,C,squid_4axis_scores.csv,forensic_4axis_audit,
squid,w36_stagflation_paradox,오징어 소비량 붕괴와 가격 폭등 패러독스,?,,90.0,60.0,70.0,100.0,80.0,B,squid_4axis_scores.csv,forensic_4axis_audit,
squid,w37_spain_arbitrage_trap,스페인의 무위험 차익거래,?,,90.0,60.0,70.0,100.0,80.0,B,squid_4axis_scores.csv,forensic_4axis_audit,
squid,w38_vigo_chokepoint_monopoly,비고 항구의 무위험 독점 네트워크,?,,90.0,70.0,70.0,100.0,82.5,B,squid_4axis_scores.csv,forensic_4axis_audit,
squid,w39_mediterranean_premium,지중해 로컬 오징어의 8.4배 초격차 프리미엄,?,,90.0,70.0,70.0,100.0,82.5,B,squid_4axis_scores.csv,forensic_4axis_audit,
squid,w40_value_chain_exploitation,오징어 밸류체인의 기형적 착취 구조,?,,60.0,70.0,70.0,100.0,75.0,B,squid_4axis_scores.csv,forensic_4axis_audit,
squid,w41_temporal_arbitrage,단순 냉동 보관만으로 발생하는 127% 초과 수익,?,,60.0,70.0,70.0,100.0,75.0,B,squid_4axis_scores.csv,forensic_4axis_audit,
squid,w42_macro_demand_destruction,이탈리아 내수 50% 붕괴 — 중간 유통 폭리가 부른 수요 파괴,?,,90.0,70.0,70.0,100.0,82.5,B,squid_4axis_scores.csv,forensic_4axis_audit,
squid,w43_risk_reward_inversion,원양어업의 자원의 저주 — 리스크-수익 역전 현상,?,,60.0,60.0,70.0,100.0,72.5,C,squid_4axis_scores.csv,forensic_4axis_audit,
squid,w44_trade_route_arbitrage,글로벌 무역로 차익거래의 붕괴,?,,60.0,70.0,70.0,100.0,75.0,B,squid_4axis_scores.csv,forensic_4axis_audit,
squid,w45_christmas_demand_spike,이탈리아 '크리스마스 효과' — 12월 소비 155% 폭증의 전략적 의미,?,,90.0,95.0,70.0,100.0,88.8,A,squid_4axis_scores.csv,forensic_4axis_audit,
squid,w46_korea_holiday_effect,한국 '명절 효과' — 명절 시즌 소비 125% 폭증의 전략적 의미,?,,90.0,95.0,70.0,100.0,88.8,A,squid_4axis_scores.csv,forensic_4axis_audit,
squid,w46_france_premium_paradox,프랑스 프리미엄 세탁기 역설,?,,60.0,70.0,70.0,100.0,75.0,B,squid_4axis_scores.csv,forensic_4axis_audit,
squid,w47_spain_processing_empire,스페인 '가공 제국' — EU 오징어 가공 시장의 80% 독점,?,,60.0,40.0,70.0,100.0,67.5,C,squid_4axis_scores.csv,forensic_4axis_audit,
squid,w48_supply_inversion,연근해 vs 원양 생산량 역전 추이,?,,90.0,60.0,70.0,100.0,80.0,B,squid_4axis_scores.csv,forensic_4axis_audit,
squid,w49_processing_funnel,HS코드별 오징어 가공품 수입 구조 해부,?,,90.0,60.0,70.0,100.0,80.0,B,squid_4axis_scores.csv,forensic_4axis_audit,
squid,w50_fleet_opex,선민수산 원양채낚기 원가구조 크로스밸리데이션,?,,90.0,70.0,65.0,100.0,81.2,B,squid_4axis_scores.csv,forensic_4axis_audit,
squid,w51_policy_intervention,정부 가격 인터벤션 맵,?,,90.0,60.0,70.0,90.0,77.5,B,squid_4axis_scores.csv,forensic_4axis_audit,
squid,w52_iuu_geopolitics,IUU 어업 리스크 및 중국 DWF 위협 지수,?,,90.0,60.0,70.0,100.0,80.0,B,squid_4axis_scores.csv,forensic_4axis_audit,
squid,w53_energy_stress_test,유가 쇼크 스트레스 테스트 — 구형 vs 신형 선단 생존율,?,,90.0,95.0,70.0,100.0,88.8,A,squid_4axis_scores.csv,forensic_4axis_audit,
squid,w54_sourcing_bottleneck,글로벌 오징어 원물 소싱 병목 — 중국-페루 과점 구조,?,,60.0,75.0,70.0,100.0,76.2,B,squid_4axis_scores.csv,forensic_4axis_audit,
squid,w55_export_concentration,태국 냉동 오징어 수출국 편중도 리스크,?,,90.0,95.0,70.0,100.0,88.8,A,squid_4axis_scores.csv,forensic_4axis_audit,
squid,w56_sunmin_pe_valuation,선민·현원 패키지 딜 밸류에이션,?,,60.0,75.0,75.0,100.0,77.5,B,squid_4axis_scores.csv,forensic_4axis_audit,
squid,w57_china_supply_dominance,글로벌 오징어 시장 및 중국 공급 장악력,?,,60.0,95.0,75.0,90.0,80.0,B,squid_4axis_scores.csv,forensic_4axis_audit,
squid,w58_iuu_blackbox_risk,IUU 리스크 및 규제 사각지대,?,,60.0,95.0,75.0,90.0,80.0,B,squid_4axis_scores.csv,forensic_4axis_audit,
squid,w59_kor_vie_chn_conflict,韓-越-中 글로벌 수급 경합 모델,?,,60.0,95.0,75.0,90.0,80.0,B,squid_4axis_scores.csv,forensic_4axis_audit,
squid,w60_twoway_price_simulator,양방향 가격 및 매크로 리스크 (Two-Way Risk),?,,60.0,95.0,75.0,90.0,80.0,B,squid_4axis_scores.csv,forensic_4axis_audit,
squid,w61_kfas_regime_shift,🔬 [KFAS] 살오징어 자원 Regime Shift — CPUE 73.8% 붕괴와 생물학적 경고,?,,60.0,75.0,70.0,100.0,76.2,B,squid_4axis_scores.csv,forensic_4axis_audit,
squid,w62_kfas_msy_assessment,🔬 [KFAS] 베이지안 자원평가 — MSY 13만톤 vs 실제 어획 — 남획 진단,?,,60.0,40.0,70.0,100.0,67.5,C,squid_4axis_scores.csv,forensic_4axis_audit,
squid,w63_kfas_mortality_model,🔬 [KFAS] 크기별 사망률 모델 — 유생→성어 생존율 시뮬레이션,?,,60.0,75.0,70.0,100.0,76.2,B,squid_4axis_scores.csv,forensic_4axis_audit,
squid,w64_kfas_trophic_acoustic,🔬 [KFAS] 생태적 지위(TL 4.10) 및 다중주파수 음향 자원조사,?,,60.0,40.0,70.0,100.0,67.5,C,squid_4axis_scores.csv,forensic_4axis_audit,
squid,w65_ma_scorecard,선민수산 M&A 종합 스코어카드,?,,90.0,75.0,75.0,100.0,85.0,A,squid_4axis_scores.csv,forensic_4axis_audit,
squid,w66_capex_roadmap,선대 교체 CAPEX 로드맵 (2026-2032),?,,90.0,75.0,75.0,100.0,85.0,A,squid_4axis_scores.csv,forensic_4axis_audit,
squid,w67_earnout_sim,어획량 Earn-out 시뮬레이터 (3년 가변 인수가),?,,90.0,40.0,75.0,100.0,76.2,B,squid_4axis_scores.csv,forensic_4axis_audit,
squid,w68_import_dependency,한국 오징어 시장 수입 의존도 분해,?,,90.0,70.0,75.0,100.0,83.8,B,squid_4axis_scores.csv,forensic_4axis_audit,
squid,w69_eu_supply_gap,EU 오징어 구조적 공급 부족 — 수출 기회 윈도우,?,,90.0,70.0,75.0,100.0,83.8,B,squid_4axis_scores.csv,forensic_4axis_audit,
squid,w70_value_creation,인수 후 100일 밸류 크리에이션 플랜,?,,90.0,75.0,75.0,100.0,85.0,A,squid_4axis_scores.csv,forensic_4axis_audit,
squid,w71_fig_licence_system,포클랜드 FIG 라이선스 체계 (9종 구조),?,,90.0,75.0,75.0,100.0,85.0,A,squid_4axis_scores.csv,forensic_4axis_audit,
squid,w72_fig_revenue_trend,포클랜드 제도 정부 어업 라이선스 수입 추이,?,,90.0,70.0,75.0,100.0,83.8,B,squid_4axis_scores.csv,forensic_4axis_audit,
squid,w73_illex_2024_season,2024 Illex argentinus 시즌 월별 어획 분석,?,,90.0,70.0,75.0,100.0,83.8,B,squid_4axis_scores.csv,forensic_4axis_audit,
squid,w74_illex_boom_bust,Illex 'Boom & Bust' 역사적 변동성 (2014-2024),?,,90.0,75.0,75.0,100.0,85.0,A,squid_4axis_scores.csv,forensic_4axis_audit,
squid,w75_loligo_scientific_mgmt,Loligo (D. gahi) 바이오매스 관리 체계,?,,90.0,75.0,75.0,100.0,85.0,A,squid_4axis_scores.csv,forensic_4axis_audit,
squid,w76_area41_illex_share,SW Atlantic (Area 41) Illex 국가별 어획 점유율,?,,90.0,70.0,75.0,100.0,83.8,B,squid_4axis_scores.csv,forensic_4axis_audit,
squid,w77_mile201_dwf_crisis,Mile 201 공해 위기 — 중국 DWF 지배와 붕괴 리스크,?,,60.0,75.0,65.0,100.0,75.0,B,squid_4axis_scores.csv,forensic_4axis_audit,
squid,w78_itq_transition_timeline,Illex ITQ 전환 정책 타임라인 (2026 업데이트),?,,90.0,95.0,65.0,100.0,87.5,A,squid_4axis_scores.csv,forensic_4axis_audit,
squid,w79_fleet_competition_map,포클랜드 해역 국가별 선단 경쟁 구도,?,,90.0,75.0,65.0,100.0,82.5,B,squid_4axis_scores.csv,forensic_4axis_audit,
squid,w80_loligo_vs_illex_portfolio,Loligo vs Illex — 이중 포트폴리오 리스크 분산,?,,90.0,75.0,75.0,100.0,85.0,A,squid_4axis_scores.csv,forensic_4axis_audit,
value_chain,components/FfaEnsoCatchCorrelation.tsx,ENSO × 어획량 상관 분석,S1,,95.0,75.0,55.0,100.0,81.2,B,value_chain_4axis_scores.csv,forensic_4axis_audit,
value_chain,components/FfaGlobalProcessingCapacity.tsx,글로벌 가공 캐파 모니터,S2,,50.0,70.0,55.0,65.0,60.0,D,value_chain_4axis_scores.csv,forensic_4axis_audit,
value_chain,components/FfaStockHealthGauge.tsx,자원 건강도 게이지,S1,,95.0,70.0,55.0,100.0,80.0,B,value_chain_4axis_scores.csv,forensic_4axis_audit,
value_chain,components/FfaSupplyConcentrationRisk.tsx,공급 집중도 리스크,S1,,95.0,70.0,55.0,100.0,80.0,B,value_chain_4axis_scores.csv,forensic_4axis_audit,
value_chain,components/FfaVdsMarketIndicator.tsx,VDS 시장 인디케이터,S1,,95.0,75.0,55.0,100.0,81.2,B,value_chain_4axis_scores.csv,forensic_4axis_audit,
value_chain,components/FfaWcpoSupplyDashboard.tsx,WCPO 수급 대시보드,S1,,95.0,70.0,55.0,100.0,80.0,B,value_chain_4axis_scores.csv,forensic_4axis_audit,
value_chain,components/PacificEezStrategicWidget.tsx,태평양 도서국(PNA) 배타적 경제수역(EEZ) 포트폴리오,S1,,95.0,95.0,55.0,100.0,86.2,A,value_chain_4axis_scores.csv,forensic_4axis_audit,
value_chain,components/PetFoodDashboard.tsx,시장 진입 시나리오 예측기 (Phase 3),S4,,65.0,95.0,55.0,100.0,78.8,B,value_chain_4axis_scores.csv,forensic_4axis_audit,
value_chain,components/PetFoodDashboard.tsx,오징어(Illex) 어획 부진 및 원가 리스크 맵,S1,,65.0,95.0,80.0,100.0,85.0,A,value_chain_4axis_scores.csv,forensic_4axis_audit,
value_chain,components/PetFoodDashboard.tsx,식물성 믹스 원가 방어율 예측기,S2,,80.0,95.0,80.0,100.0,88.8,A,value_chain_4axis_scores.csv,forensic_4axis_audit,
value_chain,components/PetFoodDashboard.tsx,클린 라벨 전환: 카라기난 리스크 방어 🟢 Live API,S5,,65.0,70.0,95.0,100.0,82.5,B,value_chain_4axis_scores.csv,forensic_4axis_audit,
value_chain,components/PetFoodDashboard.tsx,한국 펫푸드 무역수지 추이 (달러),S3,,65.0,95.0,80.0,100.0,85.0,A,value_chain_4axis_scores.csv,forensic_4axis_audit,
value_chain,components/PetFoodDashboard.tsx,수출 단가 국가별 격차 ($/kg),S4,,65.0,95.0,80.0,100.0,85.0,A,value_chain_4axis_scores.csv,forensic_4axis_audit,
value_chain,components/PetFoodDashboard.tsx,펫푸드 내 원자재 구성비 해부 (%),S4,,65.0,95.0,80.0,100.0,85.0,A,value_chain_4axis_scores.csv,forensic_4axis_audit,
value_chain,components/PetFoodDashboard.tsx,글로벌 참치 펫푸드 밸류업 마진 비교 (%),S4,,80.0,95.0,80.0,100.0,88.8,A,value_chain_4axis_scores.csv,forensic_4axis_audit,
value_chain,components/PetFoodDashboard.tsx,단백질 원자재별 톤당 글로벌 단가 비교 ($/kg) 🟢 Live API,S4,,65.0,70.0,95.0,100.0,82.5,B,value_chain_4axis_scores.csv,forensic_4axis_audit,
value_chain,components/PetFoodDashboard.tsx,대체 단백질 시장의 폭발적 성장성 전망 (억$) 🟢 Live API,S4,,65.0,70.0,95.0,100.0,82.5,B,value_chain_4axis_scores.csv,forensic_4axis_audit,
value_chain,components/PetFoodDashboard.tsx,[동적]d_kfas_w05.title,S4,,65.0,95.0,80.0,100.0,85.0,DYN,value_chain_4axis_scores.csv,forensic_4axis_audit,
value_chain,components/PetFoodDashboard.tsx,RFMO 쿼터 축소 → 원물 공급 리스크,S1,,65.0,95.0,80.0,100.0,85.0,A,value_chain_4axis_scores.csv,forensic_4axis_audit,
value_chain,components/PetFoodDashboard.tsx,기후변화 → 참치 서식지 이동 전망 (2050/2100),S1,,65.0,95.0,80.0,100.0,85.0,A,value_chain_4axis_scores.csv,forensic_4axis_audit,
value_chain,components/PetFoodDashboard.tsx,틸라피아 껍질 업사이클링 수익성 🟢 Live API,S2,,65.0,70.0,95.0,100.0,82.5,B,value_chain_4axis_scores.csv,forensic_4axis_audit,
value_chain,components/PetFoodDashboard.tsx,주요 기업 매출 및 이익률 비교 (억 원),S4,,65.0,95.0,80.0,100.0,85.0,A,value_chain_4axis_scores.csv,forensic_4axis_audit,
value_chain,components/PetFoodDashboard.tsx,펫푸드 원자재 및 환율 민감도 분석 (%),S4,,65.0,95.0,55.0,100.0,78.8,B,value_chain_4axis_scores.csv,forensic_4axis_audit,
value_chain,components/PetFoodDashboard.tsx,i-Tail 글로벌 ODM 매출 및 이익률 구조 (%),S3,,65.0,95.0,80.0,100.0,85.0,A,value_chain_4axis_scores.csv,forensic_4axis_audit,
value_chain,components/PetFoodDashboard.tsx,오에스피(OSP) 매출 및 V자 이익률 회복 (%) 🟢 Live API,S4,,65.0,70.0,95.0,100.0,82.5,B,value_chain_4axis_scores.csv,forensic_4axis_audit,
value_chain,components/PetFoodDashboard.tsx,하림펫푸드 매출 및 수직계열화 이익 성장 (억 원),S4,,80.0,95.0,80.0,100.0,88.8,A,value_chain_4axis_scores.csv,forensic_4axis_audit,
value_chain,components/PetFoodDashboard.tsx,카테고리별 글로벌 펫푸드 성장률 비교 (%) 🟢 Live API,S4,,65.0,70.0,95.0,100.0,82.5,B,value_chain_4axis_scores.csv,forensic_4axis_audit,
value_chain,components/PetFoodDashboard.tsx,태국 휴먼그레이드 참치 수출 및 펫푸드 지수,S3,,80.0,95.0,80.0,100.0,88.8,A,value_chain_4axis_scores.csv,forensic_4axis_audit,
value_chain,components/PetFoodDashboard.tsx,[동적]d_kfas_w02.title,S2,,65.0,95.0,80.0,100.0,85.0,DYN,value_chain_4axis_scores.csv,forensic_4axis_audit,
value_chain,components/PetFoodDashboard.tsx,[동적]d_kfas_w04.title,S2,,65.0,95.0,80.0,100.0,85.0,DYN,value_chain_4axis_scores.csv,forensic_4axis_audit,
value_chain,components/TunaAquaHegemony.tsx,양식 참다랑어 생산 패권,S1,,95.0,55.0,80.0,100.0,82.5,B,value_chain_4axis_scores.csv,forensic_4axis_audit,
value_chain,components/TunaAtuna8YPrice.tsx,Atuna 가다랑어 8년 가격 (월별),S4,,65.0,95.0,80.0,100.0,85.0,A,value_chain_4axis_scores.csv,forensic_4axis_audit,
value_chain,components/TunaAtunaMayNews.tsx,IO 선망선단 퍼펙트 스톰,S1,,65.0,95.0,95.0,100.0,88.8,A,value_chain_4axis_scores.csv,forensic_4axis_audit,
value_chain,components/TunaAtunaMayNews.tsx,방콕 원어가 하락과 미국 통제력,S4,,95.0,95.0,95.0,100.0,96.2,A,value_chain_4axis_scores.csv,forensic_4axis_audit,
value_chain,components/TunaAtunaMayNews.tsx,EPO 어획 급감 및 미 파우치 지각변동,S1,,65.0,95.0,95.0,100.0,88.8,A,value_chain_4axis_scores.csv,forensic_4axis_audit,
value_chain,components/TunaAtunaMayNews.tsx,EU CATCH 물류 병목 현실화,S3,,80.0,95.0,95.0,100.0,92.5,A,value_chain_4axis_scores.csv,forensic_4axis_audit,
value_chain,components/TunaBioUpcyclingGap.tsx,W13. 수산 부산물 업사이클링 격차,S5,,65.0,40.0,80.0,100.0,71.2,C,value_chain_4axis_scores.csv,forensic_4axis_audit,
value_chain,components/TunaCannedMarketShare.tsx,참치 통조림 시장점유,S4,,65.0,95.0,55.0,100.0,78.8,B,value_chain_4axis_scores.csv,forensic_4axis_audit,
value_chain,components/TunaCatchBySpeciesLive.tsx,참치 어종별 글로벌 어획량 추이 (Live),S1,,95.0,95.0,80.0,100.0,92.5,A,value_chain_4axis_scores.csv,forensic_4axis_audit,
value_chain,components/TunaCatchVolumeTrend.tsx,참치 어획량 추이,S1,,95.0,95.0,55.0,100.0,86.2,A,value_chain_4axis_scores.csv,forensic_4axis_audit,
value_chain,components/TunaColdChainCostGap.tsx,콜드체인 운송비 격차,S3,,80.0,95.0,55.0,100.0,82.5,B,value_chain_4axis_scores.csv,forensic_4axis_audit,
value_chain,components/TunaComplianceRadar.tsx,컴플라이언스 레이더 — 제재 스크리닝,S5,,65.0,55.0,55.0,70.0,61.2,D,value_chain_4axis_scores.csv,forensic_4axis_audit,
value_chain,components/TunaCrossroads.tsx,글로벌 참다랑어 생산량 크로스로드 (Catch vs Farmed),S1,,65.0,55.0,80.0,100.0,75.0,B,value_chain_4axis_scores.csv,forensic_4axis_audit,
value_chain,components/TunaEmergingMarkets.tsx,글로벌 사우스 참치 시장 기회 레이더,S4,,65.0,55.0,80.0,100.0,75.0,B,value_chain_4axis_scores.csv,forensic_4axis_audit,
value_chain,components/TunaEsgRiskRadar.tsx,인도네시아 참치 ESG 리스크 모니터링,S5,,95.0,95.0,55.0,100.0,86.2,A,value_chain_4axis_scores.csv,forensic_4axis_audit,
value_chain,components/TunaExportShare.tsx,양식 참다랑어 글로벌 수출 점유율,S4,,95.0,55.0,80.0,100.0,82.5,B,value_chain_4axis_scores.csv,forensic_4axis_audit,
value_chain,components/TunaExtractDashboard.tsx,제로 코스트의 마법: 자숙액 부가가치,S1,,65.0,55.0,55.0,100.0,68.8,C,value_chain_4axis_scores.csv,forensic_4axis_audit,
value_chain,components/TunaExtractDashboard.tsx,인도양 소형 다랑어 쿼터 압박 경고,S1,,80.0,95.0,95.0,100.0,92.5,A,value_chain_4axis_scores.csv,forensic_4axis_audit,
value_chain,components/TunaExtractDashboard.tsx,[신규] 환율 기반 원가 방어 시뮬레이터,S2,,65.0,95.0,95.0,100.0,88.8,A,value_chain_4axis_scores.csv,forensic_4axis_audit,
value_chain,components/TunaExtractDashboard.tsx,통합 수산과학 실증 연구 (K01~K08),S2,,65.0,55.0,80.0,100.0,75.0,B,value_chain_4axis_scores.csv,forensic_4axis_audit,
value_chain,components/TunaExtractDashboard.tsx,SCFI 기반 운임 3개월 지연(Lagging) 반영,S3,,65.0,95.0,95.0,100.0,88.8,A,value_chain_4axis_scores.csv,forensic_4axis_audit,
value_chain,components/TunaExtractDashboard.tsx,인도/베트남 소싱 다변화 효율성,S3,,65.0,95.0,95.0,100.0,88.8,A,value_chain_4axis_scores.csv,forensic_4axis_audit,
value_chain,components/TunaExtractDashboard.tsx,간장 대체 소비자 선호도 (2026 최신),S4,,80.0,95.0,95.0,100.0,92.5,A,value_chain_4axis_scores.csv,forensic_4axis_audit,
value_chain,components/TunaExtractDashboard.tsx,대체 액젓류 역상관관계 교차 분석,S4,,65.0,95.0,95.0,100.0,88.8,A,value_chain_4axis_scores.csv,forensic_4axis_audit,
value_chain,components/TunaExtractDashboard.tsx,글로벌 히스타민 규제 리스크 맵,S5,,65.0,95.0,95.0,100.0,88.8,A,value_chain_4axis_scores.csv,forensic_4axis_audit,
value_chain,components/TunaForecastWidgets.tsx,가다랑어 방콕 산지가격 실측 + 단기 시나리오,S1,,95.0,55.0,95.0,100.0,86.2,A,value_chain_4axis_scores.csv,forensic_4axis_audit,
value_chain,components/TunaForecastWidgets.tsx,ENSO-어획량 상관관계 분석기,S1,,80.0,55.0,95.0,100.0,82.5,B,value_chain_4axis_scores.csv,forensic_4axis_audit,
value_chain,components/TunaForecastWidgets.tsx,환율-착지원가 민감도 분석,S3,,95.0,55.0,95.0,100.0,86.2,A,value_chain_4axis_scores.csv,forensic_4axis_audit,
value_chain,components/TunaGlobalHalalStrategy.tsx,N2. K-피시소스 글로벌 할랄 침투 포텐셜,S4,,65.0,95.0,80.0,100.0,85.0,A,value_chain_4axis_scores.csv,forensic_4axis_audit,
value_chain,components/TunaHSClassifier.tsx,HS 자동분류 (HS Ping),S3,,65.0,55.0,55.0,70.0,61.2,D,value_chain_4axis_scores.csv,forensic_4axis_audit,
value_chain,components/TunaImportBlackhole.tsx,참다랑어 양식 블랙홀 수입국 분석,S4,,95.0,55.0,80.0,100.0,82.5,B,value_chain_4axis_scores.csv,forensic_4axis_audit,
value_chain,components/TunaInsightsDashboard.tsx,Insight 1. 참치 차익거래 마진 레이더,S4,,65.0,55.0,55.0,100.0,68.8,C,value_chain_4axis_scores.csv,forensic_4axis_audit,
value_chain,components/TunaInsightsDashboard.tsx,Insight 2. 가공 허브 패권 지도,S2,,65.0,55.0,55.0,100.0,68.8,C,value_chain_4axis_scores.csv,forensic_4axis_audit,
value_chain,components/TunaInsightsDashboard.tsx,Insight 3. 신흥 소비 블랙홀 마켓,S4,,65.0,55.0,55.0,100.0,68.8,C,value_chain_4axis_scores.csv,forensic_4axis_audit,
value_chain,components/TunaInsightsDashboard.tsx,Insight 4. 어장 제로섬 역학 뷰어,S1,,95.0,55.0,55.0,100.0,76.2,B,value_chain_4axis_scores.csv,forensic_4axis_audit,
value_chain,components/TunaInsightsDashboard.tsx,Insight 5. 대체 수산물 헷징 매트릭스,S1,,65.0,55.0,55.0,100.0,68.8,C,value_chain_4axis_scores.csv,forensic_4axis_audit,
value_chain,components/TunaInsightsDashboard.tsx,Insight 7. 양식 vs 어획 패러다임 역전,S4,,65.0,55.0,55.0,100.0,68.8,C,value_chain_4axis_scores.csv,forensic_4axis_audit,
value_chain,components/TunaInsightsDashboard.tsx,Insight 8. 최고가 미식 소비 국가 맵,S4,,65.0,55.0,55.0,100.0,68.8,C,value_chain_4axis_scores.csv,forensic_4axis_audit,
value_chain,components/TunaInsightsDashboard.tsx,Insight 9. 공급 독과점 HHI 지수 경보,S1,,65.0,55.0,55.0,100.0,68.8,C,value_chain_4axis_scores.csv,forensic_4axis_audit,
value_chain,components/TunaInsightsDashboard.tsx,Insight 10. 기후 쇼크 타임머신,S1,,65.0,55.0,55.0,100.0,68.8,C,value_chain_4axis_scores.csv,forensic_4axis_audit,
value_chain,components/TunaInsightsDashboard.tsx,Insight 11. 정밀 조업(Precision Fishing) 패러다임 전환,S2,,65.0,55.0,55.0,100.0,68.8,C,value_chain_4axis_scores.csv,forensic_4axis_audit,
value_chain,components/TunaInsightsDashboard.tsx,Insight 12. 관세 회피(Tariff Hopping) 밸류체인 진화,S3,,80.0,55.0,55.0,100.0,72.5,C,value_chain_4axis_scores.csv,forensic_4axis_audit,
value_chain,components/TunaInsightsDashboard.tsx,Insight 13. 지속가능성(MSC) 더블 프리미엄,S5,,80.0,55.0,55.0,100.0,72.5,C,value_chain_4axis_scores.csv,forensic_4axis_audit,
value_chain,components/TunaInsightsDashboard.tsx,Insight 15. 펫케어/해양 콜라겐 업사이클링,S5,,65.0,55.0,55.0,100.0,68.8,C,value_chain_4axis_scores.csv,forensic_4axis_audit,
value_chain,components/TunaIntelInsightsB4.tsx,태국 가공 허브 1Q26 원어 수입 — 인도양 대체 확대,S1,,80.0,95.0,80.0,100.0,88.8,A,value_chain_4axis_scores.csv,forensic_4axis_audit,
value_chain,components/TunaIntelInsightsB4.tsx,Frime SA 인수 — 스페인 최대 황다랑어 가공사 소유권 변경,S2,,80.0,95.0,80.0,100.0,88.8,A,value_chain_4axis_scores.csv,forensic_4axis_audit,
value_chain,components/TunaIntelInsightsB4.tsx,퍼펙트 스톰 — 호르무즈 + WCPO + 가공업체 저항,S1,,65.0,95.0,80.0,100.0,85.0,A,value_chain_4axis_scores.csv,forensic_4axis_audit,
value_chain,components/TunaIntelInsightsB4.tsx,동원·사조 RAS 시스템 — 부유식 순환여과양식 시험 운영,S5,,80.0,95.0,55.0,100.0,82.5,B,value_chain_4axis_scores.csv,forensic_4axis_audit,
value_chain,components/TunaJapan2050Insights.tsx,일본 사시미 수요 절벽 — 2050년 1/3 토막,S4,,65.0,95.0,55.0,100.0,78.8,B,value_chain_4axis_scores.csv,forensic_4axis_audit,
value_chain,components/TunaJapan2050Insights.tsx,1인당 사시미 소비 감마곡선 — 2050년 27%,S4,,65.0,95.0,55.0,100.0,78.8,B,value_chain_4axis_scores.csv,forensic_4axis_audit,
value_chain,components/TunaJapan2050Insights.tsx,3개 세그먼트 차등 감소 — 캔만 견뎠다,S4,,65.0,95.0,55.0,100.0,78.8,B,value_chain_4axis_scores.csv,forensic_4axis_audit,
value_chain,components/TunaJapan2050Insights.tsx,일본 2022 공급 구조 — 연승·원어수입이 절반,S1,,65.0,95.0,55.0,100.0,78.8,B,value_chain_4axis_scores.csv,forensic_4axis_audit,
value_chain,components/TunaJapan2050Insights.tsx,사시미 3-Tier 가격 매트릭스 — 14배 격차,S4,,65.0,95.0,55.0,100.0,78.8,B,value_chain_4axis_scores.csv,forensic_4axis_audit,
value_chain,components/TunaJapan2050Insights.tsx,코호트 × 인구 더블 쇼크 — 자연 회복 불가,S5,,65.0,95.0,55.0,100.0,78.8,B,value_chain_4axis_scores.csv,forensic_4axis_audit,
value_chain,components/TunaKfasResearch.tsx,참치 부산물 → 고부가 바이오 소재 전환 파이프라인,S5,,65.0,95.0,55.0,100.0,78.8,B,value_chain_4axis_scores.csv,forensic_4axis_audit,
value_chain,components/TunaKfasResearch.tsx,한국 원양 다랑어 연승어업 60년 구조 변동,S1,,65.0,75.0,55.0,100.0,73.8,C,value_chain_4axis_scores.csv,forensic_4axis_audit,
value_chain,components/TunaKfasResearch.tsx,인도양 다랑어어업 생태계 위험도 레이더,S5,,65.0,75.0,55.0,100.0,73.8,C,value_chain_4axis_scores.csv,forensic_4axis_audit,
value_chain,components/TunaKfasResearch.tsx,눈다랑어 고령친화식품 & 기능성 신시장,S4,,65.0,75.0,55.0,100.0,73.8,C,value_chain_4axis_scores.csv,forensic_4axis_audit,
value_chain,components/TunaKmiFtaBluefinInsights.tsx,참다랑어 수입 V자 반등 (FTA 5년),S4,,80.0,95.0,55.0,100.0,82.5,B,value_chain_4axis_scores.csv,forensic_4axis_audit,
value_chain,components/TunaKmiFtaBluefinInsights.tsx,공급국 지각변동 — EU → 튀르키예·모로코,S4,,65.0,75.0,55.0,100.0,73.8,C,value_chain_4axis_scores.csv,forensic_4axis_audit,
value_chain,components/TunaKmiFtaBluefinInsights.tsx,2026 Q1 시그널 — 프랑스 폭증·국내 양식 발진,S4,,65.0,95.0,55.0,100.0,78.8,B,value_chain_4axis_scores.csv,forensic_4axis_audit,
value_chain,components/TunaKoreaOrigins.tsx,한국의 양식 참다랑어 수입 출처,S3,,95.0,55.0,80.0,100.0,82.5,B,value_chain_4axis_scores.csv,forensic_4axis_audit,
value_chain,components/TunaKoreaPosition.tsx,한국의 양식 참다랑어 수입 경쟁력,S3,,95.0,55.0,80.0,100.0,82.5,B,value_chain_4axis_scores.csv,forensic_4axis_audit,
value_chain,components/TunaMofFisheryWidget.tsx,냉동 눈다랑어(Bigeye) 위탁판매 현황 (2026),S3,,80.0,55.0,55.0,70.0,65.0,C,value_chain_4axis_scores.csv,forensic_4axis_audit,
value_chain,components/TunaMofFisheryWidget.tsx,참치 수출입 무역수지 추이,S3,,95.0,55.0,55.0,70.0,68.8,C,value_chain_4axis_scores.csv,forensic_4axis_audit,
value_chain,components/TunaMofFisheryWidget.tsx,해상운임 물류비 트래커,S3,,80.0,55.0,55.0,70.0,65.0,C,value_chain_4axis_scores.csv,forensic_4axis_audit,
value_chain,components/TunaNewInsightsA.tsx,나우루 스위치 — 중국 캐너리 온쇼어링,S2,,95.0,95.0,55.0,100.0,86.2,A,value_chain_4axis_scores.csv,forensic_4axis_audit,
value_chain,components/TunaNewInsightsA.tsx,인도양 공급 붕괴 — 라스트 리조트의 임계점,S1,,80.0,95.0,55.0,100.0,82.5,B,value_chain_4axis_scores.csv,forensic_4axis_audit,
value_chain,components/TunaNewInsightsA.tsx,EU -18℃ 규제 무기화 — €200M 가격 갭,S5,,65.0,95.0,55.0,100.0,78.8,B,value_chain_4axis_scores.csv,forensic_4axis_audit,
value_chain,components/TunaNewInsightsB.tsx,가다랑어(Skipjack) 액젓 분말화 (2026),S5,,65.0,95.0,55.0,100.0,78.8,B,value_chain_4axis_scores.csv,forensic_4axis_audit,
value_chain,components/TunaNewInsightsB.tsx,OECD Pillar Two 세금 쇼크 (황다랑어 밸류체인),S4,,80.0,95.0,55.0,100.0,82.5,B,value_chain_4axis_scores.csv,forensic_4axis_audit,
value_chain,components/TunaNewInsightsB.tsx,베트남 OEM 역전 — 황다랑어 가공 생태계 장악,S2,,65.0,95.0,55.0,100.0,78.8,B,value_chain_4axis_scores.csv,forensic_4axis_audit,
value_chain,components/TunaOriginPriceTrend.tsx,참치 산지 단가 추이,S1,,95.0,95.0,55.0,100.0,86.2,A,value_chain_4axis_scores.csv,forensic_4axis_audit,
value_chain,components/TunaOriginPriceTrendLive.tsx,참치 산지 단가 추이 (Live),S1,,95.0,95.0,80.0,100.0,92.5,A,value_chain_4axis_scores.csv,forensic_4axis_audit,
value_chain,components/TunaPeptideEfficacy.tsx,W14. 저분자 펩타이드 생리활성 검증,S5,,65.0,95.0,55.0,100.0,78.8,B,value_chain_4axis_scores.csv,forensic_4axis_audit,
value_chain,components/TunaPetCareMargin.tsx,부산물 업사이클링: 프리미엄 펫케어,S2,,80.0,70.0,55.0,100.0,76.2,B,value_chain_4axis_scores.csv,forensic_4axis_audit,
value_chain,components/TunaPngHubStrategy.tsx,N1. 태평양 가공 허브 (PNG) vs 국내 조달 원가율 비교,S2,,65.0,95.0,80.0,100.0,85.0,A,value_chain_4axis_scores.csv,forensic_4axis_audit,
value_chain,components/TunaPolicyRiskRadar.tsx,글로벌 통상정책 충격 스코어카드,S5,,65.0,55.0,80.0,100.0,75.0,B,value_chain_4axis_scores.csv,forensic_4axis_audit,
value_chain,components/TunaPolicyRiskRadar.tsx,FTA 관세 차익 최적화 매트릭스,S3,,80.0,55.0,95.0,100.0,82.5,B,value_chain_4axis_scores.csv,forensic_4axis_audit,
value_chain,components/TunaPrecisionFishing.tsx,AI 기반 스마트 정밀 조업,S1,,65.0,70.0,55.0,100.0,72.5,C,value_chain_4axis_scores.csv,forensic_4axis_audit,
value_chain,components/TunaPriceDecoupling.tsx,원가 vs 소매가: 강한 디커플링,S4,,65.0,70.0,55.0,100.0,72.5,C,value_chain_4axis_scores.csv,forensic_4axis_audit,
value_chain,components/TunaProcessingYield.tsx,참치 가공 수율 비교,S2,,80.0,95.0,55.0,100.0,82.5,B,value_chain_4axis_scores.csv,forensic_4axis_audit,
value_chain,components/TunaRFMOLibrarian.tsx,[동적]w.title,,,50.0,55.0,70.0,25.0,50.0,DYN,value_chain_4axis_scores.csv,forensic_4axis_audit,
value_chain,components/TunaSdgCircular.tsx,W-NEW. 순환경제 SDG 기여도 대시보드,S5,,65.0,40.0,80.0,100.0,71.2,C,value_chain_4axis_scores.csv,forensic_4axis_audit,
value_chain,components/TunaSpeciesComposition.tsx,참치 어종 구성비,S1,,95.0,95.0,55.0,100.0,86.2,A,value_chain_4axis_scores.csv,forensic_4axis_audit,
value_chain,components/TunaSupplierHub.tsx,글로벌 참치 공급업체 발굴 허브,S2,,65.0,55.0,55.0,70.0,61.2,D,value_chain_4axis_scores.csv,forensic_4axis_audit,
value_chain,components/TunaTacMonitor.tsx,W-NEW. 글로벌 TAC 쿼터 소진율 & 원료 가격 전망,S5,,95.0,95.0,80.0,100.0,92.5,A,value_chain_4axis_scores.csv,forensic_4axis_audit,
value_chain,components/TunaTradeIntelWidgets.tsx,WITS 수입 관세율 벤치마크,S3,,95.0,55.0,55.0,70.0,68.8,C,value_chain_4axis_scores.csv,forensic_4axis_audit,
value_chain,components/TunaTradeIntelWidgets.tsx,OEC 글로벌 참치 가공 허브 단가 비교,S3,,80.0,55.0,55.0,70.0,65.0,C,value_chain_4axis_scores.csv,forensic_4axis_audit,
value_chain,components/TunaTradeIntelWidgets.tsx,한국 황다랑어 수출입 추이 (WITS),S3,,95.0,55.0,55.0,70.0,68.8,C,value_chain_4axis_scores.csv,forensic_4axis_audit,
value_chain,components/TunaUpcyclingWidgets.tsx,참치 부산물 업사이클링 기회 분석,S5,,65.0,75.0,55.0,100.0,73.8,C,value_chain_4axis_scores.csv,forensic_4axis_audit,
value_chain,components/TunaUpcyclingWidgets.tsx,바이오 업사이클 마진 매트릭스,S5,,65.0,75.0,55.0,100.0,73.8,C,value_chain_4axis_scores.csv,forensic_4axis_audit,
value_chain,components/TunaUsLoinImports.tsx,미국의 전가열 참치 로인(Loin) 수입 추이 및 관세 영향,S3,,80.0,95.0,80.0,100.0,88.8,A,value_chain_4axis_scores.csv,forensic_4axis_audit,
value_chain,components/TunaUsdaKoreaSeafood.tsx,[동적]w.title,,,50.0,55.0,70.0,25.0,50.0,DYN,value_chain_4axis_scores.csv,forensic_4axis_audit,
value_chain,components/UsPolicyImpactWidget.tsx,UFLPA 발효 후 동남아·중국 가공국 수출 추이,S5,,95.0,55.0,55.0,70.0,68.8,C,value_chain_4axis_scores.csv,forensic_4axis_audit,
value_chain,components/UsPollockDetourWidget.tsx,러시아산 명태 우회 무역 추이,S3,,50.0,55.0,55.0,35.0,48.8,D,value_chain_4axis_scores.csv,forensic_4axis_audit,
value_chain,components/UsTunaImportWidget.tsx,미국 참치캔 수입 추이 및 단가,S4,,50.0,55.0,55.0,35.0,48.8,D,value_chain_4axis_scores.csv,forensic_4axis_audit,
value_chain,components/UsTunaMarketShareWidget.tsx,미국 참치캔 공급국 점유율,S3,,50.0,55.0,55.0,35.0,48.8,D,value_chain_4axis_scores.csv,forensic_4axis_audit,
